AACC	Asset Acceptance Capital Corp. - Common Stock	Q		N	100		
AAIT	iShares MSCI All Country Asia Information Technology Index Fund	G		N	100		
AAME	Atlantic American Corporation - Common Stock	G		N	100		
AAON	AAON, Inc. - Common Stock	Q		N	100		
AAPL	Apple Inc. - Common Stock	Q		N	100		
AAWW	Atlas Air Worldwide Holdings - Common Stock	Q		N	100		
AAXJ	iShares MSCI All Country Asia ex Japan Index Fund	G		N	100		
ABAX	ABAXIS, Inc. - Common Stock	Q		N	100		
ABCB	Ameris Bancorp - Common Stock	Q		N	100		
ABCD	Cambium Learning Group, Inc. - Common Stock	G		N	100		
ABCO	The Advisory Board Company - Common Stock	Q		N	100		
ABFS	Arkansas Best Corporation - Common Stock	Q		N	100		
ABIO	ARCA biopharma, Inc. - Common Stock	S		N	100		
ABMD	ABIOMED, Inc. - Common Stock	Q		N	100		
ABTL	Autobytel Inc. - Common Stock	S		N	100		
ACAD	ACADIA Pharmaceuticals Inc. - Common Stock	G		N	100		
ACAS	American Capital, Ltd. - Common Stock	Q		N	100		
ACAT	Arctic Cat Inc. - Common Stock	Q		N	100		
ACCL	Accelrys, Inc. - Common Stock	Q		N	100		
ACET	Aceto Corporation - Common Stock	Q		N	100		
ACFC	Atlantic Coast Federal Corporation - Common Stock	G		N	100		
ACFN	Acorn Energy, Inc. - Common Stock	G		N	100		
ACGL	Arch Capital Group Ltd. - Common Stock	Q		N	100		
ACHC	Acadia Healthcare Company, Inc. - Common Stock	Q		N	100		
ACHN	Achillion Pharmaceuticals, Inc. - Common Stock	Q		N	100		
ACIW	ACI Worldwide, Inc. - Common Stock	Q		N	100		
ACLS	Axcelis Technologies, Inc. - Common Stock	Q		N	100		
ACNB	ACNB Corporation - Common Stock	S		N	100		
ACOR	Acorda Therapeutics, Inc. - Common Stock	Q		N	100		
ACPW	Active Power, Inc. - Common Stock	S		N	100		
ACRX	AcelRx Pharmaceuticals, Inc. - Common Stock	G		N	100		
ACST	Acasti Pharma, Inc. - Class A Common Stock	S		N	100		
ACTG	Acacia Research Corporation - Common Stock	Q		N	100		
ACTS	Actions Semiconductor Co., Ltd. - American Depositary Shares, each representing Six Ordinary Shares	Q		N	100		
ACUR	Acura Pharmaceuticals, Inc. - Common Stock	S		N	100		
ACWI	iShares MSCI ACWI Index Fund	G		N	100		
ACWX	iShares MSCI ACWI ex US Index Fund	G		N	100		
ACXM	Acxiom Corporation - Common Stock	Q		N	100		
ADAT	Authentidate Holding Corp. - Common Stock	S		D	100		
ADBE	Adobe Systems Incorporated - Common Stock	Q		N	100		
ADEP	Adept Technology, Inc. - Common Stock	G		N	100		
ADES	ADA-ES, Inc. - Common Stock	S		N	100		
ADI	Analog Devices, Inc. - Common Stock	Q		N	100		
ADNC	Audience, Inc. - Common Stock	Q		N	100		
ADP	Automatic Data Processing, Inc. - Common Stock	Q		N	100		
ADRA	BLDRS Asia 50 ADR Index Fund	G		N	100		
ADRD	BLDRS Developed Markets 100 ADR Index Fund	G		N	100		
ADRE	BLDRS Emerging Markets 50 ADR Index Fund	G		N	100		
ADRU	BLDRS Europe 100 ADR Index Fund	G		N	100		
ADSK	Autodesk, Inc. - Common Stock	Q		N	100		
ADTN	ADTRAN, Inc. - Common Stock	Q		N	100		
ADUS	Addus HomeCare Corporation - Common Stock	G		N	100		
ADVS	Advent Software, Inc. - Common Stock	Q		N	100		
AEGN	Aegion Corp - Class A Common Stock	Q		N	100		
AEGR	Aegerion Pharmaceuticals, Inc. - Common Stock	Q		N	100		
AEHR	Aehr Test Systems - Common Stock	S		N	100		
AEIS	Advanced Energy Industries, Inc. - Common Stock	Q		N	100		
AEPI	AEP Industries Inc. - Common Stock	Q		N	100		
AERL	Asia Entertainment & Resources Ltd - Ordinary Shares (Cayman Islands)	G		N	100		
AETI	American Electric Technologies, Inc. - Common Stock	S		N	100		
AEY	ADDvantage Technologies Group, Inc. - Common Stock	G		N	100		
AEZS	AEterna Zentaris Inc. - Common Stock	G		N	100		
AFAM	Almost Family Inc - Common Stock	Q		N	100		
AFCB	Athens Bancshares Corporation - Common Stock	S		N	100		
AFCE	AFC Enterprises, Inc. - Common Stock	Q		N	100		
AFFX	Affymetrix, Inc. - Common Stock	Q		N	100		
AFFY	Affymax, Inc. - Common Stock	Q		N	100		
AFH	Atlas Financial Holdings, Inc. - Ordinary Shares	S		N	100		
AFOP	Alliance Fiber Optic Products, Inc. - Common Stock	S		N	100		
AFSI	AmTrust Financial Services, Inc. - Common Stock	Q		N	100		
AGEN	Agenus Inc. - Common Stock	S		N	100		
AGII	Argo Group International Holdings, Ltd. - Common Stock	Q		N	100		
AGIIL	Argo Group International Holdings, Ltd. - 6.5% Senior Notes Due 2042	Q		N	100		
AGNC	American Capital Agency Corp. - Common Stock	Q		N	100		
AGNCP	American Capital Agency Corp. - Cumulative Preferred Series A	Q		N	100		
AGYS	Agilysys, Inc. - Common Stock	Q		N	100		
AHGP	Alliance Holdings GP, L.P. - Common Units Representing Limited Partner Interests	Q		N	100		
AHPI	Allied Healthcare Products, Inc. - Common Stock	G		N	100		
AIMC	Altra Holdings, Inc. - Common Stock	Q		N	100		
AINV	Apollo Investment Corporation - Closed End Fund	Q		N	100		
AIQ	Alliance HealthCare Services, Inc. - Common Stock	G		N	100		
AIRM	Air Methods Corporation - Common Stock	Q		N	100		
AIRT	Air T, Inc. - Common Stock	S		N	100		
AIXG	Aixtron SE - American Depositary Shares, each representing one Ordinary Share	Q		N	100		
AKAM	Akamai Technologies, Inc. - Common Stock	Q		N	100		
AKRX	Akorn, Inc. - Common Stock	Q		N	100		
ALCO	Alico, Inc. - Common Stock	Q		N	100		
ALCS	ALCO Stores, Inc. - Common Stock	G		N	100		
ALGN	Align Technology, Inc. - Common Stock	Q		N	100		
ALGT	Allegiant Travel Company - Common Stock	Q		N	100		
ALIM	Alimera Sciences, Inc. - Common Stock	G		N	100		
ALKS	Alkermes plc - Ordinary Shares	Q		N	100		
ALLB	Alliance Bancorp, Inc. of Pennsylvania - Common Stock	G		N	100		
ALLT	Allot Communications Ltd. - Ordinary Shares	Q		N	100		
ALNY	Alnylam Pharmaceuticals, Inc. - Common Stock	Q		N	100		
ALOG	Analogic Corporation - Common Stock	Q		N	100		
ALOT	Astro-Med, Inc. - Common Stock	G		N	100		
ALSK	Alaska Communications Systems Group, Inc. - Common Stock	Q		N	100		
ALTE	Alterra Capital Holdings Limited - Common Stock	Q		N	100		
ALTI	Altair Nanotechnologies Inc. - Common Stock	S		N	100		
ALTR	Altera Corporation - Common Stock	Q		N	100		
ALVR	Alvarion Ltd. - Ordinary Shares	S		N	100		
ALXA	Alexza Pharmaceuticals, Inc. - Common Stock	G		N	100		
ALXN	Alexion Pharmaceuticals, Inc. - Common Stock	Q		N	100		
AMAG	AMAG Pharmaceuticals, Inc. - Common Stock	Q		N	100		
AMAP	AutoNavi Holdings Limited - ADS representing 4 shares of Common Stock	Q		N	100		
AMAT	Applied Materials, Inc. - Common Stock	Q		N	100		
AMBA	Ambarella, Inc. - Ordinary Shares	Q		N	100		
AMBT	Ambient Corporation - Common Stock	S		N	100		
AMCC	Applied Micro Circuits Corporation - Common Stock	Q		N	100		
AMCF	Andatee China Marine Fuel Services Corporation - Common Stock	G		D	100		
AMCN	AirMedia Group Inc - American Depositary Shares, each representing two ordinary shares	Q		N	100		
AMCX	AMC Networks Inc. - Class A Common Stock When Issued	Q		N	100		
AMED	Amedisys Inc - Common Stock	Q		N	100		
AMGN	Amgen Inc. - Common Stock	Q		N	100		
AMIC	American Independence Corp. - Common Stock	G		N	100		
AMKR	Amkor Technology, Inc. - Common Stock	Q		N	100		
AMNB	American National Bankshares, Inc. - Common Stock	Q		N	100		
AMOT	Allied Motion Technologies, Inc. - Common Stock	G		N	100		
AMOV	America Movil, S.A.B. de C.V. - American Depositary Shares, each representing 20 A Shares	Q		N	100		
AMPE	Ampio Pharmaceuticals, Inc. - Common Stock	S		N	100		
AMRB	American River Bankshares - Common Stock	Q		N	100		
AMRI	Albany Molecular Research, Inc. - Common Stock	Q		N	100		
AMRN	Amarin Corporation plc - American Depositary Shares, each representing one Ordinary Share	G		N	100		
AMRS	Amyris, Inc. - Common Stock	Q		N	100		
AMSC	American Superconductor Corporation - Common Stock	Q		N	100		
AMSF	AMERISAFE, Inc. - Common Stock	Q		N	100		
AMSG	Amsurg Corp. - Common Stock	Q		N	100		
AMSWA	American Software, Inc. - Class A Common Stock	Q		N	100		
AMWD	American Woodmark Corporation - Common Stock	Q		N	100		
AMZN	Amazon.com, Inc. - Common Stock	Q		N	100		
ANAC	Anacor Pharmaceuticals, Inc. - Common Stock	G		N	100		
ANAD	ANADIGICS, Inc. - Common Stock	Q		N	100		
ANAT	American National Insurance Company - Common Stock	Q		N	100		
ANCB	Anchor Bancorp - Common Stock	G		N	100		
ANCI	American Caresource Holdings Inc - Common Stock	S		N	100		
ANCX	Access National Corporation - Common Stock	G		N	100		
ANDA	Andina Acquisition Corporation - Ordinary Shares	S		D	100		
ANDAU	Andina Acquisition Corporation - Unit	S		N	100		
ANDAW	Andina Acquisition Corporation - Warrant	S		N	100		
ANDE	The Andersons, Inc. - Common Stock	Q		N	100		
ANEN	Anaren, Inc. - Common Stock	Q		N	100		
ANGI	Angie's List, Inc. - Common Stock	G		N	100		
ANGO	AngioDynamics, Inc. - Common Stock	Q		N	100		
ANIK	Anika Therapeutics Inc. - Common Stock	Q		N	100		
ANLY	Analysts International Corporation - Common Stock	G		N	100		
ANSS	ANSYS, Inc. - Common Stock	Q		N	100		
ANTH	Anthera Pharmaceuticals, Inc. - Common Stock	G		D	100		
ANTP	PHAZAR CORP - Common Stock	S		N	100		
AOSL	Alpha and Omega Semiconductor Limited - Common Shares	Q		N	100		
APAGF	Apco Oil and Gas International Inc. - Ordinary Shares	S		N	100		
APEI	American Public Education, Inc. - Common Stock	Q		N	100		
APFC	American Pacific Corporation - Common Stock	G		N	100		
APOG	Apogee Enterprises, Inc. - Common Stock	Q		N	100		
APOL	Apollo Group, Inc. - Class A Common Stock	Q		N	100		
APPY	Venaxis, Inc. - Common Stock	S		N	100		
APRI	Apricus Biosciences, Inc - Common Stock	S		N	100		
APSA	Alto Palermo S.A. - American Depository Shares, each representing forty shares of Common Stock	Q		N	100		
APWC	Asia Pacific Wire & Cable Corporation Limited - Common shares, Par value .01 per share	G		N	100		
AQU	Aquasition Corp. - Common Stock	S		N	100		
AQUUU	Aquasition Corp. - Units	S		N	100		
AQUUW	Aquasition Corp. - Warrants	S		N	100		
ARAY	Accuray Incorporated - Common Stock	Q		N	100		
ARCC	Ares Capital Corporation - Closed End Fund	Q		N	100		
ARCI	Appliance Recycling Centers of America, Inc. - Common Stock	S		N	100		
ARCP	American Realty Capital Properties, Inc. - Common Stock	Q		N	100		
ARCW	ARC Group Worldwide, Inc. - Common Stock	S		N	100		
ARDNA	Arden Group, Inc. - Class A Common Stock	G		N	100		
AREX	Approach Resources Inc. - Common Stock	Q		N	100		
ARIA	ARIAD Pharmaceuticals, Inc. - Common Stock	Q		N	100		
ARII	American Railcar Industries, Inc. - Common Stock	Q		N	100		
ARKR	Ark Restaurants Corp. - Common Stock	G		N	100		
ARLP	Alliance Resource Partners, L.P. - Common Units Representing Limited Partnership Interests	Q		N	100		
ARMH	ARM Holdings plc - American Depositary Shares each representing 3 Ordinary Shares	Q		N	100		
ARNA	Arena Pharmaceuticals, Inc. - Common Stock	Q		N	100		
AROW	Arrow Financial Corporation - Common Stock	Q		N	100		
ARQL	ArQule, Inc. - Common Stock	G		N	100		
ARRS	ARRIS Group, Inc. - Common Stock	Q		N	100		
ARRY	Array BioPharma Inc. - Common Stock	G		N	100		
ARTC	ArthroCare Corporation - Common Stock	Q		N	100		
ARTNA	Artesian Resources Corporation - Class A Non-Voting Common Stock	Q		N	100		
ARTW	Art's-Way Manufacturing Co., Inc. - Common Stock	S		N	100		
ARTX	Arotech Corporation - Common Stock	G		N	100		
ARUN	Aruba Networks, Inc. - Common Stock	Q		N	100		
ARWR	Arrowhead Research Corporation - Common Stock	S		N	100		
ASBB	ASB Bancorp, Inc. - Common Stock	G		N	100		
ASBC	Associated Banc-Corp - Common Stock	Q		N	100		
ASBCW	Associated Banc-Corp - Warrants	Q		N	100		
ASBI	Ameriana Bancorp - Common Stock	S		N	100		
ASCA	Ameristar Casinos, Inc. - Common Stock	Q		N	100		
ASCMA	Ascent Capital Group, Inc. - Series A Common Stock	Q		N	100		
ASDR	VelocityShares Emerging Asia DR ETF	G		N	100		
ASEI	American Science and Engineering, Inc. - Common Stock	Q		N	100		
ASFI	Asta Funding, Inc. - Common Stock	Q		N	100		
ASIA	AsiaInfo-Linkage, Inc. - Common Stock	Q		N	100		
ASMI	ASM International N.V. - Common Shares	Q		N	100		
ASML	ASML Holding N.V. - ADS represents 1 ordinary share	Q		N	100		
ASNA	Ascena Retail Group, Inc. - Common Stock	Q		N	100		
ASPS	Altisource Portfolio Solutions S.A. - Common Stock	Q		N	100		
ASRV	AmeriServ Financial Inc. - Common Stock	G		N	100		
A	Agilent Technologies, Inc. Common Stock	N	A	N	100	A	
AA	Alcoa Inc. Common Stock	N	AA	N	100	AA	
AA$	Alcoa Inc. $3.75 Preferred Stock	A	AAp	N	100	AA-	
AADR	WCM BNY Mellon Focused Growth ADR ETF	P	AADR	Y	100	AADR	
AAN	Aaron's, Inc. Common Stock	N	AAN	N	100	AAN	
AAP	Advance Auto Parts Inc Advance Auto Parts Inc W/I	N	AAP	N	100	AAP	
AAT	American Assets Trust, Inc. Common Stock	N	AAT	N	100	AAT	
AAU	Almaden Minerals, Ltd. Ordinary Shares (Canada)	A	AAU	N	100	AAU	
AAV	Advantage Oil & Gas Ltd Ordinary Shares	N	AAV	N	100	AAV	
AAZ$K	SiM Internal Test 1 Preferred	N	AAZpK	N	10	AAZ-K	Y
AB	Allianceberstein Holding L.P. Units	N	AB	N	100	AB	
ABB	ABB Ltd Common Stock	N	ABB	N	100	ABB	
ABBV	AbbVie Inc. Common Stock	N	ABBV	N	100	ABBV	
ABC	AmerisourceBergen Corporation (Holding Co) Common Stock	N	ABC	N	100	ABC	
ABG	Asbury Automotive Group Inc Common Stock	N	ABG	N	100	ABG	
ABI	Safety First Trust Series 2009-2	P	ABI	N	100	ABI	
ABM	ABM Industries Incorporated Common Stock	N	ABM	N	100	ABM	
ABR	Arbor Realty Trust Common Stock	N	ABR	N	100	ABR	
ABR$A	Arbor Realty Trust Preferred Series A	N	ABRpA	N	100	ABR-A	
ABT	Abbott Laboratories Common Stock	N	ABT	N	100	ABT	
ABV	Companhia de Bebidas das Americas - AmBev Common Stock	N	ABV	N	100	ABV	
ABV.C	Companhia de Bebidas das Americas - AmBev Common Stock	N	ABV/C	N	100	ABV.C	
ABW$B	Associated Banc-Corp Depositary Sh Repstg 1/40th Int Sh Perpetual Pfd Stk Ser B	N	ABWpB	N	100	ABW-B	
ABX	Barrick Gold Corporation Common Stock	N	ABX	N	100	ABX	
ACC	American Campus Communities Inc Common Stock	N	ACC	N	100	ACC	
ACCO	Acco Brands Corporation Common Stock	N	ACCO	N	100	ACCO	
ACCU	Accuvest Global Opportunities ETF	P	ACCU	Y	100	ACCU	
ACE	Ace Limited Common Stock	N	ACE	N	100	ACE	
ACG	Alliancebernstein Income Fund	N	ACG	N	100	ACG	
ACH	Aluminum Corporation of China Ltd American Depositary Shares	N	ACH	N	100	ACH	
ACI	Arch Coal, Inc. Common Stock	N	ACI	N	100	ACI	
ACIM	SPDR MSCI ACWI IMI ETF	P	ACIM	Y	100	ACIM	
ACM	Aecom Technology Corporation Common Stock	N	ACM	N	100	ACM	
ACMP	Access Midstream Partners, L.P. Common Units Representing Limited Partner Interests	N	ACMP	N	100	ACMP	
ACN	Accenture plc. Class A Ordinary Shares (Ireland)	N	ACN	N	100	ACN	
ACO	Amcol International Corporation Common Stock	N	ACO	N	100	ACO	
ACP	Avenue Income Credit Strategies Fund Common Shares	N	ACP	N	100	ACP	
ACP.R	Avenue Income Credit Strategies Fund Right expiring May 17, 2013 When Issued	N	ACPr	N	100	ACP^	
ACRE	Ares Commercial Real Estate Corporation Common Stock	N	ACRE	N	100	ACRE	
ACT	Actavis, Inc. Common Stock	N	ACT	N	100	ACT	
ACTV	The Active Network, Inc. Common Stock	N	ACTV	N	100	ACTV	
ACU	Acme United Corporation. Common Stock	A	ACU	N	100	ACU	
ACW	Accuride Corporation Common Stock	N	ACW	N	100	ACW	
ACWV	iShares MSCI All Country World Minimum Volatility Index Fund	P	ACWV	Y	100	ACWV	
ACY	AeroCentury Corp. Common Stock	A	ACY	N	100	ACY	
ADC	Agree Realty Corporation Common Stock	N	ADC	N	100	ADC	
ADGE	American DG Energy Inc. Common Stock	A	ADGE	N	100	ADGE	
ADK	Adcare Health Systems Inc Common Stock	A	ADK	N	100	ADK	
ADK$A	Adcare Health Systems Inc 10.875% Series A Cumulative Redeemable Preferred Stock, no par value per share	A	ADKpA	N	100	ADK-A	
ADM	Archer-Daniels-Midland Company Common Stock	N	ADM	N	100	ADM	
ADS	Alliance Data Systems Corporation Common Stock	N	ADS	N	100	ADS	
ADT	ADT Corporation Common Stock	N	ADT	N	100	ADT	
ADX	Adams Express Company (The)	N	ADX	N	100	ADX	
ADY	Feihe International, Inc. Common Stock	N	ADY	N	100	ADY	
ADZ	DB Agriculture Short ETN DB Agriculture Short ETN	P	ADZ	N	100	ADZ	
AE	Adams Resources & Energy, Inc. Common Stock	A	AE	N	100	AE	
AEB	AEGON N.V. Perp. Cap. Secs. Floating Rate (Netherlands)	N	AEB	N	100	AEB	
AEC	Associated Estates Realty Corporation Common Stock	N	AEC	N	100	AEC	
AED	AEGON N.V. Perp. Cap. Securities (Netherlands)	N	AED	N	100	AED	
AEE	Ameren Corporation Common Stock	N	AEE	N	100	AEE	
AEF	Aegon NV Perpetual Cap Securities (Netherlands)	N	AEF	N	100	AEF	
AEG	AEGON N.V. Common Stock	N	AEG	N	100	AEG	
AEH	AEGON N.V. Perp. Cap Secs.	N	AEH	N	100	AEH	
AEK	Aegon NV 8.00% Non-Cumulative Subordinated Notes due 2042	N	AEK	N	100	AEK	
AEL	American Equity Investment Life Holding Company Common Stock	N	AEL	N	100	AEL	
AEM	Agnico-Eagle Mines Limited Common Stock	N	AEM	N	100	AEM	
AEO	American Eagle Outfitters, Inc. Common Stock	N	AEO	N	100	AEO	
AEP	American Electric Power Company, Inc. Common Stock	N	AEP	N	100	AEP	
AER	Aercap Holdings N.V. Ordinary Shares	N	AER	N	100	AER	
AES	The AES Corporation Common Stock	N	AES	N	100	AES	
AES$C	AES Corporation (The) Class C Preferred Stock	N	AESpC	N	100	AES-C	
AET	Aetna Inc. Common Stock	N	AET	N	100	AET	
AEV	Aegon NV Perpetual Cap Secs (Netherlands)	N	AEV	N	100	AEV	
AF	Astoria Financial Corporation Common Stock	N	AF	N	100	AF	
AF$C	Astoria Financial Corporation Depositary Shs Repstg 1/40th Int Perp Pfd Ser C 6.5%	N	AFpC	N	100	AF-C	
AFA	American Financial Group, Inc. 5.75% Senior Notes due 2042	N	AFA	N	100	AFA	
AFB	AllianceBernstein National Municipal Income Fund Inc	N	AFB	N	100	AFB	
AFC	Allied Capital Corporation Allied Capital Corporation 6.875% Notes due April 15, 2047	N	AFC	N	100	AFC	
AFF	American International Group, Inc. 6.45% Jr Sub Deb Ser A-4	N	AFF	N	100	AFF	
AFG	American Financial Group, Inc. Common Stock	N	AFG	N	100	AFG	
AFK	Market Vectors-Africa Index ETF	P	AFK	Y	100	AFK	
AFL	AFLAC Incorporated Common Stock	N	AFL	N	100	AFL	
AFM	Affiliated Managers Group, Inc. 5.250% Senior Notes due 2022	N	AFM	N	100	AFM	
AFQ	American Financial Group, Inc. 7% Senior Notes due 2050	N	AFQ	N	100	AFQ	
AFSD	Aflac Incorporated 5.50% Subordinated Debentures due September 15, 2052	N	AFSD	N	100	AFSD	
AFT	Apollo Senior Floating Rate Fund Inc. Common Stock	N	AFT	N	100	AFT	
AFW	American Financial Group, Inc. 6 3/8% Senior Notes due 2042	N	AFW	N	100	AFW	
AG	First Majestic Silver Corp. Ordinary Shares (Canada)	N	AG	N	100	AG	
AGA	DB Agriculture Short ETN DB Agriculture Double Short ETN	P	AGA	N	100	AGA	
AGC	Advent Claymore Convertible Securities and Income Fund Common Shares of Beneficial Interest	N	AGC	N	100	AGC	
AGCO	AGCO Corporation Common Stock	N	AGCO	N	100	AGCO	
AGD	Alpine Global Dynamic Dividend Fund Shares of Beneficial Interest	N	AGD	N	100	AGD	
AGEM	EGShares GEMS Composite ETF	P	AGEM	Y	100	AGEM	
AGF	DB Agriculture Long ETN DB Agriculture Long ETN	P	AGF	N	100	AGF	
AGG	iShares Core Total U.S. Bond Market ETF	P	AGG	Y	100	AGG	
AGI	Alamos Gold Inc Ordinary Shares	N	AGI	N	100	AGI	
AGLS	Accuvest Global Long Short ETF	P	AGLS	Y	100	AGLS	
AGM	Federal Agricultural Mortgage Corporation Common Stock	N	AGM	N	100	AGM	
AGM$A	Federal Agricultural Mortgage Corporation 5.875% Non-CUmulative Preferred Stock, Series A	N	AGMpA	N	100	AGM-A	
AGM.A	Federal Agricultural Mortgage Corporation Common Stock	N	AGM/A	N	100	AGM.A	
AGN	Allergan, Inc. Common Stock	N	AGN	N	100	AGN	
AGO	Assured Guaranty Ltd. Common Stock	N	AGO	N	100	AGO	
AGO$B	Assured Guaranty Ltd.	N	AGOpB	N	100	AGO-B	
AGO$E	Assured Guaranty Ltd.	N	AGOpE	N	100	AGO-E	
AGO$F	Assured Guaranty Ltd.	N	AGOpF	N	100	AGO-F	
AGOL	ETFS Asian Gold Trust	P	AGOL	Y	100	AGOL	
AGQ	ProShares Ultra Silver	P	AGQ	Y	100	AGQ	
AGRO	Adecoagro S.A. Common Shares	N	AGRO	N	100	AGRO	
AGU	Agrium Inc. Common Stock	N	AGU	N	100	AGU	
AGX	Argan, Inc. Common Stock	A	AGX	N	100	AGX	
AGZ	iShares Barclays Agency Bond	P	AGZ	Y	100	AGZ	
AH	Accretive Health, Inc. Common Stock	N	AH	N	100	AH	
AHB	Safety First Trust Principal-Protected Trust Certificates Linked to a Global Index Basket	P	AHB	N	100	AHB	
AHC	A.H. Belo Corporation Common Stock	N	AHC	N	100	AHC	
AHL	Aspen Insurance Holdings Limited Ordinary Shares	N	AHL	N	100	AHL	
AHL$	Aspen Insurance Holdings Limited Perp. Preferred Income Equity Replacement Secs (PIERS) (Bermuda)	N	AHLp	N	100	AHL-	
AHL$A	Aspen Insurance Holdings Limited Perp Pfd Shares (Bermuda)	N	AHLpA	N	100	AHL-A	
AHL$B	Aspen Insurance Holdings Limited Perp Pref Shs (Bermuda)	N	AHLpB	N	100	AHL-B	
AHS	AMN Healthcare Services Inc AMN Healthcare Services Inc	N	AHS	N	100	AHS	
AHT	Ashford Hospitality Trust Inc Common Stock	N	AHT	N	100	AHT	
AHT$A	Ashford Hospitality Trust Inc 8.55% Cum Preferred Series A	N	AHTpA	N	100	AHT-A	
AHT$D	Ashford Hospitality Trust Inc 8.45% Series D Cumulative Preferred Stock	N	AHTpD	N	100	AHT-D	
AHT$E	Ashford Hospitality Trust Inc 9.00% Series E Cumulative Preferred Stock	N	AHTpE	N	100	AHT-E	
AHY	Safety First Trust Principal-Protected Trust Certificates Linked to the S&P 500 Index	P	AHY	N	100	AHY	
AI	Arlington Asset Investment Corp Class A (new)	N	AI	N	100	AI	
AIA	iShares S&P Asia 50	P	AIA	Y	100	AIA	
AIB	Apollo Investment Corporation 6.625% Senior Notes due 2042	N	AIB	N	100	AIB	
AIF	Apollo Tactical Income Fund Inc. Common Stock	N	AIF	N	100	AIF	
AIG	American International Group, Inc. New Common Stock	N	AIG	N	100	AIG	
AIG.W	American International Group, Inc. Warrant expiring January 19, 2021	N	AIG/WS	N	100	AIG+	
AIM	Aerosonic Corporation Common Stock ($0.40 Par Value)	A	AIM	N	100	AIM	
AIN	Albany International Corporation Common Stock	N	AIN	N	100	AIN	
AIR	AAR Corp. Common Stock	N	AIR	N	100	AIR	
AIT	Applied Industrial Technologies, Inc. Common Stock	N	AIT	N	100	AIT	
AIV	Apartment Investment and Management Company Common Stock	N	AIV	N	100	AIV	
AIV$Z	Apartment Investment and Management Company Class Z Cumulative Preferred Stock	N	AIVpZ	N	100	AIV-Z	
AIZ	Assurant, Inc. Common Stock	N	AIZ	N	100	AIZ	
AJB	Safety First Trust Safety First Trust Certificate on S&P 500	P	AJB	N	100	AJB	
AJG	Arthur J. Gallagher & Co. Common Stock	N	AJG	N	100	AJG	
AKG	Asanko Gold Inc.	A	AKG	N	100	AKG	
AKN	Safety First Trust Principal-Protected Trust Certificates Linked to a U.S.-Europe-Japan Basket Structured Product	P	AKN	N	100	AKN	
AKO.A	Embotelladora Andina S.A. Common Stock	N	AKO/A	N	100	AKO.A	
AKO.B	Embotelladora Andina S.A. Common Stock	N	AKO/B	N	100	AKO.B	
AKP	Alliance California Municipal Income Fund Inc	N	AKP	N	100	AKP	
AKR	Acadia Realty Trust Common Stock	N	AKR	N	100	AKR	
AKS	AK Steel Holding Corporation Common Stock	N	AKS	N	100	AKS	
AL	Air Lease Corporation Class A Common Stock	N	AL	N	100	AL	
ALB	Albemarle Corporation Common Stock	N	ALB	N	100	ALB	
ALC	Assisted Living Concepts, Inc. New	N	ALC	N	100	ALC	
ALD	WisdomTree Asia Local Debt Fund ETF	P	ALD	Y	100	ALD	
ALDW	Alon USA Partners, LP Common Units representing Limited Partner Interests	N	ALDW	N	100	ALDW	
ALE	Allete, Inc.	N	ALE	N	100	ALE	
ALEX	Alexander & Baldwin, Inc. Common Stock	N	ALEX	N	100	ALEX	
ALFA	AlphaClone Alternative Alpha ETF	P	ALFA	Y	100	ALFA	
ALG	Alamo Group, Inc. Common Stock	N	ALG	N	100	ALG	
ALJ	Alon USA Energy, Inc. common stick	N	ALJ	N	100	ALJ	
ALK	Alaska Air Group, Inc. Common Stock	N	ALK	N	100	ALK	
ALL	Allstate Corporation (The) Common Stock	N	ALL	N	100	ALL	
ALL$B	Allstate Corporation (The) 5.100% Fixed-to-Floating Rate Subordinated Debentures due 2053	N	ALLpB	N	100	ALL-B	
ALLY$A	GMAC Capital Trust I Fixed Rate Floating Rate Trust Preferred Securities, Series 2	N	ALLYpA	N	100	ALLY-A	
ALLY$B	Ally Financial Inc Fixed Rate Floating Rate Perpetual Preferred Stock, Series A	N	ALLYpB	N	100	ALLY-B	
ALN	American Lorain Corporation Common Stock	A	ALN	N	100	ALN	
ALP$N	Alabama Power Company Preferred Stock	N	ALPpN	N	100	ALP-N	
ALP$O	Alabama Power Company Preferred Stock	N	ALPpO	N	100	ALP-O	
ALP$P	Alabama Power Company 5.30% Cl A Pfd Stk	N	ALPpP	N	100	ALP-P	
ALR	Alere Inc. Common Stock	N	ALR	N	100	ALR	
ALR$B	Alere Inc. Inverness Medical Innovations, Inc. Series B Convertible Perpetual Preferred Stock	N	ALRpB	N	10	ALR-B	
ALSN	Allison Transmission Holdings, Inc. Common Stock	N	ALSN	N	100	ALSN	
ALT	iShares Diversified Alternatives Trust	P	ALT	Y	100	ALT	
ALTL	RBS US Large Cap Alternator Exchange Traded Note	P	ALTL	N	100	ALTL	
ALTV	Alteva	A	ALTV	N	100	ALTV	
ALU	Alcatel-Lucent Common Stock	N	ALU	N	100	ALU	
ALV	Autoliv, Inc. Common Stock	N	ALV	N	100	ALV	
ALX	Alexander's, Inc. Common Stock	N	ALX	N	100	ALX	
AM	American Greetings Corporation Common Stock	N	AM	N	100	AM	
AMBO	Ambow Education Holding Ltd. American Depository Shares (Each representing two Class A Ordinary Shares)	N	AMBO	N	100	AMBO	
AMD	Advanced Micro Devices, Inc. Common Stock	N	AMD	N	100	AMD	
AME	AMETEK, Inc.	N	AME	N	100	AME	
AMG	Affiliated Managers Group, Inc. Common Stock	N	AMG	N	100	AMG	
AMID	American Midstream Partners, LP Common Units representing Limited Partner Interests	N	AMID	N	100	AMID	
AMJ	JPMorgan Chase Capital XVI JP Morgan Alerian MLP ETN	P	AMJ	N	100	AMJ	
AMLP	Alerian MLP ETF	P	AMLP	Y	100	AMLP	
AMM	Safety First Trust Principal-Protected Trust Certificates Linked to the S&P 500 Index	P	AMM	N	100	AMM	
AMP	Ameriprise Financial, Inc. Common Stock	N	AMP	N	100	AMP	
AMP$A	AMERIPRISE FINANCIAL SERVICES, INC. 7.75% Senior Notes due June 15, 2039	N	AMPpA	N	100	AMP-A	
AMPS	iShares Utilities Sector Bond Fund	P	AMPS	Y	100	AMPS	
AMRC	Ameresco, Inc. Class A Common Stock	N	AMRC	N	100	AMRC	
AMRE	AmREIT, Inc. Class B COmmon stock	N	AMRE	N	100	AMRE	
AMS	American Shared Hospital Services Common Stock	A	AMS	N	100	AMS	
AMT	American Tower Corporation (REIT) Common Stock	N	AMT	N	100	AMT	
AMTD	TD Ameritrade Holding Corporation Common Stock	N	AMTD	N	100	AMTD	
AMTG	Apollo Residential Mortgage, Inc. Common Stock	N	AMTG	N	100	AMTG	
AMTG$A	Apollo Residential Mortgage, Inc. Pfd Shs Series A (US)	N	AMTGpA	N	100	AMTG-A	
AMU	ETRACS Alerian MLP Index ETN	P	AMU	N	100	AMU	
AMX	America Movil, S.A.B. de C.V. American Depository Receipt Series L	N	AMX	N	100	AMX	
AN	AutoNation, Inc. Common Stock	N	AN	N	100	AN	
AND	Global X FTSE Andean 40 ETF	P	AND	Y	100	AND	
ANF	Abercrombie & Fitch Company Common Stock	N	ANF	N	100	ANF	
ANFI	Amira Nature Foods Ltd Ordinary Shares	N	ANFI	N	100	ANFI	
ANGL	Market Vectors Fallen Angel High Yield Bond	P	ANGL	Y	100	ANGL	
BABY	Natus Medical Incorporated - Common Stock	Q		N	100		
BAGL	Einstein Noah Restaurant Group, Inc. - Common Stock	G		N	100		
BAGR	Diversified Restaurant Holdings, Inc. - Common Stock	S		N	100		
BAMM	Books-A-Million, Inc. - Common Stock	Q		N	100		
BANC	First PacTrust Bancorp, Inc. - Common Stock	G		N	100		
BANCL	First PacTrust Bancorp, Inc. - Baby Bond	G		N	100		
BANF	BancFirst Corporation - Common Stock	Q		N	100		
BANFP	BancFirst Corporation - 7.2% Cumulative Trust Preferred Securities	Q		N	100		
BANR	Banner Corporation - Common Stock	Q		N	100		
BASI	Bioanalytical Systems, Inc. - Common Stock	S		N	100		
BBBY	Bed Bath & Beyond Inc. - Common Stock	Q		N	100		
BBCN	BBCN Bancorp, Inc. - Common Stock	Q		N	100		
BBEP	BreitBurn Energy Partners, L.P. - Common Units Representing Limited Partnership	Q		N	100		
BBGI	Beasley Broadcast Group, Inc. - Class A Common Stock	G		N	100		
BBNK	Bridge Capital Holdings - Common Stock	Q		N	100		
BBOX	Black Box Corporation - Common Stock	Q		N	100		
BBRG	Bravo Brio Restaurant Group, Inc. - Common Stock	Q		N	100		
BBRY	Research In Motion Limited - Common Stock	Q		N	100		
BBSI	Barrett Business Services, Inc. - Common Stock	Q		N	100		
BCBP	BCB Bancorp, Inc. (NJ) - Common Stock	G		N	100		
BCOM	B Communications Ltd. - Ordinary Shares	Q		N	100		
BCOR	Blucora, Inc. - Common Stock	Q		N	100		
BCOV	Brightcove Inc. - Common Stock	Q		N	100		
BCPC	Balchem Corporation - Common Stock	Q		N	100		
BCRX	BioCryst Pharmaceuticals, Inc. - Common Stock	Q		N	100		
BCSB	BCSB Bancorp, Inc. - Common Stock	G		N	100		
BDBD	Boulder Brands, Inc. - Common Stock	Q		N	100		
BDE	Black Diamond, Inc. - Common Stock	Q		N	100		
BDGE	Bridge Bancorp, Inc. - Common Stock	Q		N	100		
BDMS	Birner Dental Management Services, Inc. - Common Stock	S		N	100		
BDSI	BioDelivery Sciences International, Inc. - Common Stock	S		N	100		
BEAT	CardioNet, Inc. - Common Stock	G		N	100		
BEAV	B/E Aerospace, Inc. - Common Stock	Q		N	100		
BEBE	bebe stores, inc. - Common Stock	Q		N	100		
BECN	Beacon Roofing Supply, Inc. - Common Stock	Q		N	100		
BELFA	Bel Fuse Inc. - Class A Common Stock	Q		N	100		
BELFB	Bel Fuse Inc. - Class B Common Stock	Q		N	100		
BERK	Berkshire Bancorp, Inc. - Common Stock	G		N	100		
BFIN	BankFinancial Corporation - Common Stock	Q		N	100		
BFLY	Bluefly, Inc. - Common Stock	S		D	100		
BGCP	BGC Partners, Inc. - Class A Common Stock	Q		N	100		
BGFV	Big 5 Sporting Goods Corporation - Common Stock	Q		N	100		
BGMD	BG Medicine, Inc. - Common Stock	G		N	100		
BGSC	BGS Acquisition Corp. - Ordinary Shares	S		N	100		
BGSCU	BGS Acquisition Corp. - Units consisting of one ordinary share and one warrant	S		N	100		
BGSCW	BGS Acquisition Corp. - Warrants	S		N	100		
BIB	ProShares Ultra Nasdaq Biotechnology	G		N	100		
BICK	First Trust BICK Index Fund	G		N	100		
BIDU	Baidu, Inc. - American Depositary Shares, each representing one tenth Class A ordinary share	Q		N	100		
BIIB	Biogen Idec Inc. - Common Stock	Q		N	100		
BIOD	Biodel Inc. - Common Stock	S		N	100		
BIOF	BioFuel Energy Corp. - Common Stock	S		N	100		
BIOL	Biolase, Inc. - Common Stock	S		N	100		
BIOS	BioScrip, Inc. - Common Stock	Q		N	100		
BIRT	Actuate Corporation - Common Stock	Q		N	100		
BIS	ProShares UltraShort Nasdaq Biotechnology	G		N	100		
BJRI	BJ's Restaurants, Inc. - Common Stock	Q		N	100		
BKCC	BlackRock Kelso Capital Corporation - Common Stock	Q		N	100		
BKEP	Blueknight Energy Partners L.P., L.L.C. - Common Units representing Limited Partner Interests	G		N	100		
BKEPP	Blueknight Energy Partners L.P., L.L.C. - Series A Preferred Units	G		N	100		
BKMU	Bank Mutual Corporation - Common Stock	Q		N	100		
BKOR	Oak Ridge Financial Services, Inc. - Common Stock	S		N	100		
BKSC	Bank of South Carolina Corp. - Common Stock	S		N	100		
BKYF	The Bank of Kentucky Financial Corp. - Common Stock	Q		N	100		
BLDP	Ballard Power Systems, Inc. - Common Shares	G		N	100		
BLDR	Builders FirstSource, Inc. - Common Stock	Q		N	100		
BLIN	Bridgeline Digital, Inc. - Common Stock	S		N	100		
BLKB	Blackbaud, Inc. - Common Stock	Q		N	100		
BLMN	Bloomin' Brands, Inc. - Common Stock	Q		N	100		
BLMT	BSB Bancorp, Inc. - Common Stock	S		N	100		
BLRX	BioLineRx Ltd. - American Depositary Shares	S		N	100		
BMC	BMC Software, Inc. - Common Stock	Q		N	100		
BMRC	Bank of Marin Bancorp - Common Stock	S		N	100		
BMRN	BioMarin Pharmaceutical Inc. - Common Stock	Q		N	100		
BMTC	Bryn Mawr Bank Corporation - Common Stock	Q		N	100		
BNCL	Beneficial Mutual Bancorp, Inc. - Common Stock	Q		N	100		
BNCN	BNC Bancorp - Common Stock	S		N	100		
BNSO	Bonso Electronics International, Inc. - Common Stock	S		N	100		
BOBE	Bob Evans Farms, Inc. - Common Stock	Q		N	100		
BOCH	Bank of Commerce Holdings (CA) - Common Stock	G		N	100		
BODY	Body Central Corp. - Common Stock	Q		N	100		
BOFI	BofI Holding, Inc. - Common Stock	Q		N	100		
BOKF	BOK Financial Corporation - Common Stock	Q		N	100		
BOLT	Bolt Technology Corporation - Common Stock	Q		N	100		
BONA	Bona Film Group Limited - American Depositary Shares	Q		N	100		
BONT	The Bon-Ton Stores, Inc. - Common Stock	Q		N	100		
BOOM	Dynamic Materials Corporation - Common Stock	Q		N	100		
BOSC	B.O.S. Better Online Solutions - Ordinary Shares	S		N	100		
BOTA	Biota Pharmaceuticals, Inc. - Common Stock	Q		N	100		
BOTJ	Bank of the James Financial Group, Inc. - Common Stock	S		N	100		
BPAX	BioSante Pharmaceuticals, Inc. - Common Stock	G		N	100		
BPFH	Boston Private Financial Holdings, Inc. - Common Stock	Q		N	100		
BPFHW	Boston Private Financial Holdings, Inc. - Warrants to purchase 1 share of common stock @ $8.00/share	Q		N	100		
BPHX	BluePhoenix Solutions, Ltd. - Ordinary Shares	G		N	100		
BPOP	Popular, Inc. - Common Stock	Q		N	100		
BPOPM	Popular, Inc. - Popular Capital Trust II - 6.125% Cumulative Monthly Income Trust Preferred Securities	Q		N	100		
BPOPN	Popular, Inc. - Popular Capital Trust I -6.70% Cumulative Monthly Income Trust Preferred Securities	Q		N	100		
BRCD	Brocade Communications Systems, Inc. - Common Stock	Q		N	100		
BRCM	Broadcom Corporation - Class A Common Stock	Q		N	100		
BREW	Craft Brew Alliance, Inc. - Common Stock	G		N	100		
BRID	Bridgford Foods Corporation - Common Stock	G		N	100		
BRKL	Brookline Bancorp, Inc. - Common Stock	Q		N	100		
BRKR	Bruker Corporation - Common Stock	Q		N	100		
BRKS	Brooks Automation, Inc. - Common Stock	Q		N	100		
BRLI	Bio-Reference Laboratories, Inc. - Common Stock	Q		N	100		
BSDM	BSD Medical Corporation - Common Stock	G		N	100		
BSET	Bassett Furniture Industries, Incorporated - Common Stock	Q		N	100		
BSFT	BroadSoft, Inc. - Common Stock	Q		N	100		
BSPM	Biostar Pharmaceuticals, Inc. - Common Stock	G		N	100		
BSQR	BSQUARE Corporation - Common Stock	G		N	100		
BSRR	Sierra Bancorp - Common Stock	Q		N	100		
BSTC	BioSpecifics Technologies Corp - Common Stock	G		N	100		
BTUI	BTU International, Inc. - Common Stock	G		N	100		
BUR	Burcon NutraScience Corp - Ordinary Shares	G		N	100		
BUSE	First Busey Corporation - Common Stock	Q		N	100		
BV	Bazaarvoice, Inc. - Common Stock	Q		N	100		
BVA	Cordia Bancorp Inc. - Common Stock	S		N	100		
BVSN	BroadVision, Inc. - Common Stock	G		N	100		
BWEN	Broadwind Energy, Inc. - Common Stock	S		N	100		
BWINA	Baldwin & Lyons, Inc. - Class A (voting) Common Stock	G		N	100		
BWINB	Baldwin & Lyons, Inc. - Class B (nonvoting) Common Stock	G		N	100		
BWLD	Buffalo Wild Wings, Inc. - Common Stock	Q		N	100		
BYFC	Broadway Financial Corporation - Common Stock	S		D	100		
B	Barnes Group, Inc. Common Stock	N	B	N	100	B	
BA	Boeing Company (The) Common Stock	N	BA	N	100	BA	
BAA	BANRO CORPORATION Ordinary Shares	A	BAA	N	100	BAA	
BAB	PowerShares Build America Bond Portfolio	P	BAB	Y	100	BAB	
BABS	SPDR Nuveen Barclays Build America Bond ETF	P	BABS	Y	100	BABS	
BABZ	Pimco Build America Bond Exchange-Traded Fund	P	BABZ	Y	100	BABZ	
BAC	Bank of America Corporation Common Stock	N	BAC	N	100	BAC	
BAC$D	Bank of America Corporation Depositary Shares Rpstg 1/1000th Interest in Sh of Non Cum Pfd Stk Ser D	N	BACpD	N	100	BAC-D	
BAC$E	Bank of America Corporation Depositary Sh repstg 1/1000th Perp Pfd Ser E	N	BACpE	N	100	BAC-E	
BAC$H	Bank of America Corporation Depositary Sh Repstg 1/1000th Pfd Ser H	N	BACpH/CL	N	100	BAC-H*	
BAC$I	Bank Amer Corp Dep Sh Repstg 1/1000th Pfd Ser I	N	BACpI	N	100	BAC-I	
BAC$J	BANK OF AMERICA CORP Depositary sh repstg 1/1000th Pfd Ser J	N	BACpJ	N	100	BAC-J	
BAC$L	Bank of America Corporation Non Cumulative Perpetual Conv Pfd Ser L	N	BACpL	N	10	BAC-L	
BAC$Z	Bank of America Corporation BAC Capital Trust VIII 6% Capital Securities	N	BACpZ	N	100	BAC-Z	
BAC.A	Bank of America Corporation Class A Warrant expiring January 16, 2019	N	BAC/WS/A	N	100	BAC+A	
BAC.B	Bank of America Corporation Class B Warrants expiring 10/28/2018	N	BAC/WS/B	N	100	BAC+B	
BAF	BlackRock Municipal Income Investment Quality Trust	N	BAF	N	100	BAF	
BAH	Booz Allen Hamilton Holding Corporation Common Stock	N	BAH	N	100	BAH	
BAK	Braskem SA ADR	N	BAK	N	100	BAK	
BAL	iPath DJ-UBS Cotton Subindex Total Return SM Index ETN	P	BAL	N	100	BAL	
BALT	Baltic Trading Limited Common Stock	N	BALT	N	100	BALT	
BAM	Brookfield Asset Management Inc. Common Stock	N	BAM	N	100	BAM	
BAP	Credicorp Ltd. Common Stock	N	BAP	N	100	BAP	
BARL	Morgan Stanley S&P 500 Crude Oil Linked ETNs due July 1, 2031	P	BARL	N	100	BARL	
BAS	Basic Energy Services, Inc. Common Stock	N	BAS	N	100	BAS	
BAX	Baxter International Inc. Common Stock	N	BAX	N	100	BAX	
BBD	Banco Bradesco Sa American Depositary Shares	N	BBD	N	100	BBD	
BBDO	Banco Bradesco Sa American Depositary Shares (each representing one Common Share)	N	BBDO	N	100	BBDO	
BBF	BlackRock Municipal Income Investment Trust	N	BBF	N	100	BBF	
BBG	Bill Barrett Corporation Common Stock	N	BBG	N	100	BBG	
BBH	Market Vectors Biotech ETF	P	BBH	Y	100	BBH	
BBK	Blackrock Municipal Bond Trust	N	BBK	N	100	BBK	
BBL	BHP Billiton plc Sponsored ADR	N	BBL	N	100	BBL	
BBN	BlackRock Build America Bond Trust Common Shares of Beneficial Interest	N	BBN	N	100	BBN	
BBRC	EGShares Beyond BRICs ETF	P	BBRC	Y	100	BBRC	
BBT	BB&T Corporation Common Stock	N	BBT	N	100	BBT	
BBT$D	BB&T Corporation Depositary Shares Representing 1/1000th Perpetual Preferred Series D	N	BBTpD	N	100	BBT-D	
BBT$E	BB&T Corporation Depositary Shares Representing 1/1000th Perpetual Preferred Series E	N	BBTpE	N	100	BBT-E	
BBT$F	BB&T Corporation Depositary Shares Representing 1/1000th Interest Series F Perpetual Preferred	N	BBTpF	N	100	BBT-F	
BBVA	Banco Bilbao Vizcaya Argentaria S.A. Common Stock	N	BBVA	N	100	BBVA	
BBW	Build-A-Bear Workshop, Inc. Common Stock	N	BBW	N	100	BBW	
BBX	BBX Capital Corporation Common Stock	N	BBX	N	100	BBX	
BBY	Best Buy Co., Inc. Common Stock	N	BBY	N	100	BBY	
BC	Brunswick Corporation Common Stock	N	BC	N	100	BC	
BCA	Corpbanca Sponsored Reg S GDR representing Common (Chile)	N	BCA	N	100	BCA	
BCC	Boise Cascade, L.L.C. Common Stock	N	BCC	N	100	BCC	
BCE	BCE, Inc. Common Stock	N	BCE	N	100	BCE	
BCEI	Bonanza Creek Energy, Inc. Common Stock	N	BCEI	N	100	BCEI	
BCF	Blackrock Real Asset Equity Trust Common Shares of Beneficial Interest	N	BCF	N	100	BCF	
BCH	"Banco De Chile Banco De Chile ADS ""When Issued"""	N	BCH	N	100	BCH	
BCM	iPath Pure Beta Broad Commodity ETN	P	BCM	N	100	BCM	
BCO	Brinks Company (The) Common Stock	N	BCO	N	100	BCO	
BCR	C.R. Bard, Inc. Common Stock	N	BCR	N	100	BCR	
BCS	Barclays PLC Common Stock	N	BCS	N	100	BCS	
BCS$	Barclays Bank PLC ADR Ser 2 repstg Pref Shs Ser 2 (United Kingdom)	N	BCSp	N	100	BCS-	
BCS$A	Barclays PLC ADS	N	BCSpA	N	100	BCS-A	
BCS$C	Barclays PLC American Depositary Shares Series 4	N	BCSpC	N	100	BCS-C	
BCS$D	Barclays PLC American Depositary Shares (Each representing Non-Cumulative Callable Dollar Preference Shares, Series 5	N	BCSpD	N	100	BCS-D	
BCV	Bancroft Fund, Ltd.	A	BCV	N	100	BCV	
BCX	BlackRock Resources Common Shares of Beneficial Interest	N	BCX	N	100	BCX	
BDC	Belden Inc Common Stock	N	BDC	N	100	BDC	
BDCL	2xLeveraged Long Exchange Traded Access Securities (E-TRACS) Linked to the Wells Fargo Business Development Company Index due May 24, 2041	P	BDCL	N	100	BDCL	
BDCS	UBS AG Exchange Traded Access Securities (E TRACS) Linked to the Wells Fargo Business Development Company Index due April 26, 2041	P	BDCS	N	100	BDCS	
BDD	PowerShares DB Base Metals Double Long ETN	P	BDD	N	100	BDD	
BDG	PowerShares DB Base Metals Long ETN	P	BDG	N	100	BDG	
BDJ	Blackrock Enhanced Equity Dividend Trust	N	BDJ	N	100	BDJ	
BDL	Flanigan's Enterprises, Inc. Common Stock	A	BDL	N	100	BDL	
BDN	Brandywine Realty Trust Common Stock	N	BDN	N	100	BDN	
BDN$E	Brandywine Realty Tr Pfd Shs Ben Int Ser E	N	BDNpE	N	100	BDN-E	
BDR	Blonder Tongue Laboratories, Inc. Common Stock	A	BDR	N	100	BDR	
BDX	Becton, Dickinson and Company Common Stock	N	BDX	N	100	BDX	
BEAM	Beam Inc. Common Stock	N	BEAM	N	100	BEAM	
BEE	Strategic Hotels & Resorts Inc Common Stock	N	BEE	N	100	BEE	
BEE$A	Strategic Hotels & Resorts Inc 8.50% Series A Cumulative Redeemable Preferred Stock	N	BEEpA	N	100	BEE-A	
BEE$B	Strategic Hotels & Resorts Inc 8.25% Preferred Series B	N	BEEpB	N	100	BEE-B	
BEE$C	Strategic Hotels & Resorts Inc Strategic Hotels & Resorts, Inc. 8.25% Series C Cumulative Redeemable Preferred Stock	N	BEEpC	N	100	BEE-C	
BEN	Franklin Resources, Inc. Common Stock	N	BEN	N	100	BEN	
BERY	Berry Plastics Group, Inc. Common Stock	N	BERY	N	100	BERY	
BF.A	Brown Forman Inc Class A Common Stock	N	BF/A	N	100	BF.A	
BF.B	Brown Forman Inc Class B Common Stock	N	BF/B	N	100	BF.B	
BFAM	Bright Horizons Family Solutions Inc. Common Stock	N	BFAM	N	100	BFAM	
BFK	BlackRock Municipal Income Trust	N	BFK	N	100	BFK	
BFO	Blackrock Florida Municipal 2020 Term Trust	N	BFO	N	100	BFO	
BFR	BBVA Banco Frances S.A. Common Stock	N	BFR	N	100	BFR	
BFS	Saul Centers, Inc. Common Stock	N	BFS	N	100	BFS	
BFS$A	Saul Centers, Inc. Depositary Shares repstg 1/100 Pfd Series A	N	BFSpA	N	100	BFS-A	
BFS$C	Saul Centers, Inc. Depositary Shares, each representing 1/100th of a share of 6.875% Series C Cumulative Redeemable Preferred Stock, $0.01 par value	N	BFSpC	N	100	BFS-C	
BFY	BlackRock New York Municipal Income Trust II	A	BFY	N	100	BFY	
BFZ	BlackRock California Municipal Income Trust	N	BFZ	N	100	BFZ	
BG	Bunge Limited Bunge Limited	N	BG	N	100	BG	
BGB	Blackstone / GSO Strategic Credit Fund Common Shares	N	BGB	N	100	BGB	
BGC	General Cable Corporation Common Stock	N	BGC	N	100	BGC	
BGCA	BGC Partners, Inc. 8.125% Senior Notes due 2042	N	BGCA	N	100	BGCA	
BGE$B	Bge Cap Trust II 6.20% Trust Preferred Securities	N	BGEpB	N	100	BGE-B	
BGG	Briggs & Stratton Corporation Common Stock	N	BGG	N	100	BGG	
BGH	Babson Capital Global Short Duration High Yield Fund Common Shares of Beneficial Interests	N	BGH	N	100	BGH	
BGR	BlackRock Energy and Resources Trust	N	BGR	N	100	BGR	
BGS	B&G Foods, Inc. B&G Foods, Inc. Common Stock	N	BGS	N	100	BGS	
BGT	BlackRock Floating Rate Income Trust	N	BGT	N	100	BGT	
BGX	Blackstone GSO Long Short Credit Income Fund Common Shares	N	BGX	N	100	BGX	
BGY	BLACKROCK INTERNATIONAL, LTD. Blackrock International Real Estate Fund, Inc.	N	BGY	N	100	BGY	
BH	Biglari Holdings Inc.	N	BH	N	10	BH	
BHB	Bar Harbor Bankshares, Inc. Common Stock	A	BHB	N	100	BHB	
BHD	Blackrock Strategic Bond Trust	N	BHD	N	100	BHD	
BHE	Benchmark Electronics, Inc. Common Stock	N	BHE	N	100	BHE	
BHI	Baker Hughes Incorporated Common Stock	N	BHI	N	100	BHI	
BHK	Blackrock Core Bond Trust Blackrock Core Bond Trust	N	BHK	N	100	BHK	
BHL	Blackrock Defined Opportunity Credit Trust Blackrock Defined Opportunity Credit Trust	N	BHL	N	100	BHL	
BHLB	Berkshire Hills Bancorp, Inc. Common Stock	N	BHLB	N	100	BHLB	
BHP	BHP Billiton Limited Common Stock	N	BHP	N	100	BHP	
BHV	BlackRock Virginia Municipal Bond Trust	A	BHV	N	100	BHV	
BHY	Blackrock High Yield Trust (The)	N	BHY	N	100	BHY	
BID	Sotheby's Common Stock	N	BID	N	100	BID	
BIE	BlackRock Municipal Bond Investment Trust	N	BIE	N	100	BIE	
BIF	Boulder Growth & Income Fund, Inc.	N	BIF	N	100	BIF	
BIG	Big Lots, Inc. Common Stock	N	BIG	N	100	BIG	
BIK	SPDR S&P BRIC 40	P	BIK	Y	100	BIK	
BIL	SPDR Barclays 1-3 Month T-Bill ETF	P	BIL	Y	100	BIL	
BIN	Progressive Waste Solutions Ltd. Common Shares	N	BIN	N	100	BIN	
BIO	Bio-Rad Laboratories, Inc. Class A Common Stock	N	BIO	N	100	BIO	
BIO.B	Bio-Rad Laboratories, Inc. Class B Common Stock	N	BIO/B	N	100	BIO.B	
BIP	Brookfield Infrastructure Partners LP Limited Partnership Units	N	BIP	N	100	BIP	
BIR$A	Berkshire Income Realty, Inc. 9% Series A Preferred Stock	A	BIRpA	N	100	BIR-A	
BIT	BlackRock Multi-Sector Income Trust Common Shares of Beneficial Interest	N	BIT	N	100	BIT	
BITA	Bitauto Holdings Limited American Depositary Shares (each representing one ordinary share)	N	BITA	N	100	BITA	
BIV	Vanguard Intermediate-Term Bond ETF	P	BIV	Y	100	BIV	
BIZD	Market Vectors BDC Income ETF	P	BIZD	Y	100	BIZD	
BJK	Market Vectors Gaming ETF	P	BJK	Y	100	BJK	
BJZ	Blackrock California Municipal 2018 Term Trust Blackrock California Municipal 2018 Term Trust	N	BJZ	N	100	BJZ	
BK	Bank of New York Mellon Corporation (The) Common Stock	N	BK	N	100	BK	
BK$C	Bank Of New York Mellon Corporation (The) Dep Shs Repstg 1/4000th Perp Pfd Ser C	N	BKpC	N	100	BK-C	
BKD	Brookdale Senior Living Inc. Common Stock	N	BKD	N	100	BKD	
BKE	Buckle, Inc. (The) Common Stock	N	BKE	N	100	BKE	
BKF	iShares MSCI BRIC Index Fund	P	BKF	Y	100	BKF	
BKH	Black Hills Corporation Common Stock	N	BKH	N	100	BKH	
BKI	Buckeye Technologies, Inc. Common Stock	N	BKI	N	100	BKI	
BKJ	Bancorp of New Jersey, Inc Common Stock	A	BKJ	N	100	BKJ	
BKK	Blackrock Municipal 2020 Term Trust	N	BKK	N	100	BKK	
BKLN	PowerShares Exchange-Traded Fund Trust ETF	P	BKLN	Y	100	BKLN	
BKN	BlackRock Investment Quality Municipal Trust Inc. (The)	N	BKN	N	100	BKN	
BKR	Baker (Michael) Corporation Common Stock	A	BKR	N	100	BKR	
BKS	Barnes & Noble, Inc. Common Stock	N	BKS	N	100	BKS	
BKT	BlackRock Income Trust Inc. (The)	N	BKT	N	100	BKT	
BKU	BankUnited, Inc. Common Stock	N	BKU	N	100	BKU	
BKW	Burger King Worldwide Inc. Common Stock	N	BKW	N	100	BKW	
BLC	Belo Corporation Common Stock	N	BLC	N	100	BLC	
BLE	BlackRock Municipal Income Trust II	A	BLE	N	100	BLE	
BLH	Blackrock New York Municipal 2018 Term Trust	N	BLH	N	100	BLH	
BLJ	Blackrock New Jersey Municipal Bond Trust	A	BLJ	N	100	BLJ	
BLK	BlackRock, Inc. Common Stock	N	BLK	N	100	BLK	
BLL	Ball Corporation Common Stock	N	BLL	N	100	BLL	
BLND	ETRACS DJ UBS Commodity Index 2 4 6 Blended Futures ETN	P	BLND	N	100	BLND	
BLNG	iPath Pure Beta Precious Metal ETN	P	BLNG	N	100	BLNG	
BLOX	Infoblox Inc. Common Stock	N	BLOX	N	100	BLOX	
BLT	Blount International, Inc. Common Stock	N	BLT	N	100	BLT	
BLV	Vanguard Long-Term Bond ETF	P	BLV	Y	100	BLV	
BLW	Blackrock Limited Duration Income Trust	N	BLW	N	100	BLW	
BLX	Banco Latinoamericano de Comercio Exterior, S.A.	N	BLX	N	100	BLX	
BMA	Banco Macro S.A. ADR (representing Ten Class B Common Shares)	N	BMA	N	100	BMA	
BME	Blackrock Health Sciences Trust	N	BME	N	100	BME	
BMI	Badger Meter, Inc. Common Stock	N	BMI	N	100	BMI	
BMJ	Birks & Mayors Inc. Common Stock	A	BMJ	N	100	BMJ	
BML$G	Bank of America Corporation Bank of America Corporation Depositary Shares (Each representing a 1/1200th interest in a share of Floating Rate Non-Cumulative Preferred Stock , Series 1)	N	BMLpG	N	100	BML-G	
BML$H	Bank of America Corporation Bank of America Corporation Depositary Shares (Each representing a 1/1200th interest in a Share of Floating Rate Non-Cumulative Preferred Stock, Series 2)	N	BMLpH	N	100	BML-H	
BML$I	Bank of America Corporation Bank of America Corporation Depositary Shares (Each representing a 1/1200th interest in a Share of 6.375% Non-Cumulative Preferred Stock, Series 3)	N	BMLpI	N	100	BML-I	
BML$J	Bank of America Corporation Bank of America Corporation Depositary Shares (Each representing a 1/1200th interest in a Share of Floating Rate Non-Cumulative Preferred Stock, Series 4)	N	BMLpJ	N	100	BML-J	
BML$L	Bank of America Corporation Bank of America Corporation Depositary Shares (Each representing a 1/1200th Interest in a Share of Floating Rate Non-Cumulative Preferred Stock, Series 5)	N	BMLpL	N	100	BML-L	
BML$N	Bank of America Corporation Bank of America Corporation Depositary Shares (Each representing a 1/40th interest in a share of 6.70% Non-Cumulative Perpetual Preferred Stock, Series 6)	N	BMLpN	N	100	BML-N	
BML$O	Bank of America Corporation Bank of America Corporation Depositary Shares (Each representing a 1/40th interest in a share of 6.25% Non-Cumulative Perpetual Preferred Stock, Series 7)	N	BMLpO	N	100	BML-O	
BML$Q	Bank of America Corporation Bank of America Corporation Depositary Shares (Each Representing 1/1200th Interest in a share of 8.625% Non-Cumulative Preferred Stock, Series 8)	N	BMLpQ/CL	N	100	BML-Q*	
BMO	Bank Of Montreal Common Stock	N	BMO	N	100	BMO	
BMR	Biomed Realty Trust Common Stock	N	BMR	N	100	BMR	
BMS	Bemis Company, Inc. Common Stock	N	BMS	N	100	BMS	
BMY	Bristol-Myers Squibb Company Common Stock	N	BMY	N	100	BMY	
BMY$	Bristol-Myers Squibb Company Preferred Stock	N	BMYp	N	100	BMY-	
BNA	BlackRock Income Opportunity Trust Inc. (The)	N	BNA	N	100	BNA	
BND	Vanguard Total Bond Market ETF	P	BND	Y	100	BND	
BNJ	BlackRock New Jersey Municipal Income Trust	N	BNJ	N	100	BNJ	
BNNY	Annie's, Inc. Common Stock	N	BNNY	N	100	BNNY	
BNO	United States Brent Oil Fund, LP ETV	P	BNO	Y	100	BNO	
BNS	Bank Nova Scotia Halifax Pfd 3 Ordinary Shares	N	BNS	N	100	BNS	
BNY	BlackRock New York Municipal Income Trust	N	BNY	N	100	BNY	
BOE	Blackrock Global Blackrock Global Opportunities Equity Trust Common Shares of Beneficial Interest	N	BOE	N	100	BOE	
BOH	Bank of Hawaii Corporation Common Stock	N	BOH	N	100	BOH	
BOI	Brookfield Mortgage Opportunity Income Fund Inc. Common Stock	N	BOI	N	100	BOI	
BOIL	ProShares Ultra DJ UBS Natural Gas	P	BOIL	Y	100	BOIL	
BOM	PowerShares DB Base Metals Double Short ETN	P	BOM	N	100	BOM	
BOND	PIMCO Total Return Exchange-Traded Fund	P	BOND	Y	100	BOND	
BONE	Bacterin International Holdings, Inc. Common Stock	A	BONE	N	100	BONE	
BONO	Market Vectors LatAm Aggregate Bond ETF	P	BONO	Y	100	BONO	
BORN	China New Borun Corporation American Depositary Shares	N	BORN	N	100	BORN	
BOS	PowerShares DB Base Metals Short ETN	P	BOS	N	100	BOS	
BOXC	Brookfield Canada Office Properties	N	BOXC	N	100	BOXC	
BP	BP p.l.c. Common Stock	N	BP	N	100	BP	
BPI	Bridgepoint Education, Inc.	N	BPI	N	100	BPI	
BPK	Blackrock Municipal 2018 Term Trust Blackrock Municipal 2018 Term Trust	N	BPK	N	100	BPK	
BPL	Buckeye Partners L.P. Common Stock	N	BPL	N	100	BPL	
BPO	Brookfield Office Properties Inc. Common Stock	N	BPO	N	100	BPO	
BPS	BlackRock Pennsylvania Strategic Municipal Trust (The) Common Shares of Beneficial Interest	A	BPS	N	100	BPS	
BPT	BP Prudhoe Bay Royalty Trust Common Stock	N	BPT	N	100	BPT	
CA	CA Inc. - Common Stock	Q		N	100		
CAAS	China Automotive Systems, Inc. - Common Stock	S		N	100		
CAC	Camden National Corporation - Common Stock	Q		N	100		
CACB	Cascade Bancorp - Common Stock	S		N	100		
CACC	Credit Acceptance Corporation - Common Stock	Q		N	100		
CACG	Chart Acquisition Corp. - Common Stock	S		N	100		
CACGU	Chart Acquisition Corp. - Units	S		N	100		
CACGW	Chart Acquisition Corp. - Warrants	S		N	100		
CACH	Cache, Inc. - Common Stock	Q		D	100		
CACHR	Cache, Inc. - Common Stock Purchase Rights	Q		D	100		
CADC	China Advanced Construction Materials Group, Inc. - Common Stock	S		D	100		
CADX	Cadence Pharmaceuticals, Inc. - Common Stock	Q		N	100		
CAFI	Camco Financial Corporation - Common Stock	G		N	100		
CAKE	The Cheesecake Factory Incorporated - Common Stock	Q		N	100		
CALD	Callidus Software, Inc. - Common Stock	G		N	100		
CALI	China Auto Logistics Inc. - Common Stock	G		N	100		
CALL	magicJack VocalTec Ltd - Ordinary Shares	G		N	100		
CALM	Cal-Maine Foods, Inc. - Common Stock	Q		N	100		
CAMP	CalAmp Corp. - Common Stock	Q		N	100		
CAMT	Camtek Ltd. - Ordinary Shares	G		N	100		
CAR	Avis Budget Group, Inc. - Common Stock	Q		N	100		
CARB	Carbonite, Inc. - Common Stock	G		N	100		
CART	Carolina Trust Bank - Common Stock	S		N	100		
CARV	Carver Bancorp, Inc. - Common Stock	S		N	100		
CARZ	First Trust NASDAQ Global Auto Index Fund	G		N	100		
CASH	Meta Financial Group, Inc. - Common Stock	G		N	100		
CASM	CAS Medical Systems, Inc. - Common Stock	G		N	100		
CASS	Cass Information Systems, Inc - Common Stock	Q		N	100		
CASY	Caseys General Stores, Inc. - Common Stock	Q		N	100		
CATM	Cardtronics, Inc. - Common Stock	Q		N	100		
CATY	Cathay General Bancorp - Common Stock	Q		N	100		
CAVM	Cavium, Inc. - Common Stock	Q		N	100		
CBAK	China BAK Battery, Inc. - Common Stock	G		D	100		
CBAN	Colony Bankcorp, Inc. - Common Stock	G		N	100		
CBEY	Cbeyond, Inc. - Common Stock	Q		N	100		
CBF	Capital Bank Financial Corp. - Class A Common Stock	Q		N	100		
CBIN	Community Bank Shares of Indiana, Inc. - Common Stock	S		N	100		
CBLI	Cleveland BioLabs, Inc. - Common Stock	S		N	100		
CBMX	CombiMatrix Corporation - Common Stock	S		D	100		
CBMXW	CombiMatrix Corporation - Warrants 5/01/2014	S		D	100		
CBNJ	Cape Bancorp, Inc. - Common Stock	Q		N	100		
CBNK	Chicopee Bancorp, Inc. - Common Stock	G		N	100		
CBOE	CBOE Holdings, Inc. - Common Stock	Q		N	100		
CBPO	China Biologic Products, Inc. - Common Stock	Q		N	100		
CBRL	Cracker Barrel Old Country Store, Inc. - Common Stock	Q		N	100		
CBRX	Columbia Laboratories, Inc. - Common Stock	S		D	100		
CBSH	Commerce Bancshares, Inc. - Common Stock	Q		N	100		
CBST	Cubist Pharmaceuticals, Inc. - Common Stock	Q		N	100		
CCBG	Capital City Bank Group - Common Stock	Q		N	100		
CCCL	China Ceramics Co., Ltd. - Common Stock	G		N	100		
CCIH	ChinaCache International Holdings Ltd. - American Depositary Shares	G		N	100		
CCIX	Coleman Cable, Inc. - Common Stock	G		N	100		
CCMP	Cabot Microelectronics Corporation - Common Stock	Q		N	100		
CCNE	CNB Financial Corporation - Common Stock	Q		N	100		
CCOI	Cogent Communications Group, Inc. - Common Stock	Q		N	100		
CCRN	Cross Country Healthcare, Inc. - Common Stock	Q		N	100		
CCUR	Concurrent Computer Corporation - Common Stock	G		N	100		
CCXI	ChemoCentryx, Inc. - Common Stock	Q		N	100		
CDNS	Cadence Design Systems, Inc. - Common Stock	Q		N	100		
CDTI	Clean Diesel Technologies, Inc. - Common Stock	S		N	100		
CDXS	Codexis, Inc. - Common Stock	Q		N	100		
CDZI	Cadiz, Inc. - Common Stock	G		N	100		
CECE	CECO Environmental Corp. - Common Stock	G		N	100		
CECO	Career Education Corporation - Common Stock	Q		N	100		
CEDU	ChinaEdu Corporation - American Depositary Shares, each representing three Ordinary Shares	G		N	100		
CELG	Celgene Corporation - Common Stock	Q		N	100		
CELGZ	Celgene Corporation - Contingent Value Right	G		N	100		
CEMI	Chembio Diagnostics, Inc. - Common Stock	S		N	100		
CEMP	Cempra, Inc. - Common Stock	G		N	100		
CENT	Central Garden & Pet Company - Common Stock	Q		N	100		
CENTA	Central Garden & Pet Company - Class A Common Stock Nonvoting	Q		N	100		
CENX	Century Aluminum Company - Common Stock	Q		N	100		
CERE	Ceres, Inc. - Common Stock	G		N	100		
CERN	Cerner Corporation - Common Stock	Q		N	100		
CERS	Cerus Corporation - Common Stock	G		N	100		
CETV	Central European Media Enterprises Ltd. - Class A Common Stock	Q		N	100		
CEVA	CEVA, Inc. - Common Stock	Q		N	100		
CFBK	Central Federal Corporation - Common Stock	S		N	100		
CFFI	C&F Financial Corporation - Common Stock	Q		N	100		
CFFN	Capitol Federal Financial, Inc. - Common Stock	Q		N	100		
CFNB	California First National Bancorp - Common Stock	G		N	100		
CFNL	Cardinal Financial Corporation - Common Stock	Q		N	100		
CG	The Carlyle Group L.P. - Common Units	Q		N	100		
CGEN	Compugen Ltd. - Ordinary Shares	S		N	100		
CGNX	Cognex Corporation - Common Stock	Q		N	100		
CGO	Calamos Global Total Return Fund - Common Stock	Q		N	100		
CHCI	Comstock Holding Companies, Inc. - Class A Common Stock	S		N	100		
CHCO	City Holding Company - Common Stock	Q		N	100		
CHDN	Churchill Downs, Incorporated - Common Stock	Q		N	100		
CHDX	Chindex International, Inc. - Common Stock	Q		N	100		
CHEF	The Chefs' Warehouse, Inc. - Common Stock	Q		N	100		
CHEV	Cheviot Financial Corp - Common Stock	S		N	100		
CHFC	Chemical Financial Corporation - Common Stock	Q		N	100		
CHFN	Charter Financial Corp. - Common Stock	S		N	100		
CHI	Calamos Convertible Opportunities and Income Fund - Common Stock	Q		N	100		
CHKE	Cherokee Inc. - Common Stock	Q		N	100		
CHKP	Check Point Software Technologies Ltd. - Ordinary Shares	Q		N	100		
CHLN	China Housing & Land Development, Inc. - Common Stock	S		N	100		
CHMG	Chemung Financial Corp - Common Stock	G		N	100		
CHNR	China Natural Resources, Inc. - Common Stock	S		N	100		
CHOP	China Gerui Advanced Materials Group Limited - Ordinary Shares	Q		N	100		
CHRM	Charm Communications Inc. - American Depositary Shares representing 2 Class A Ordinary Shares	G		N	100		
CHRW	C.H. Robinson Worldwide, Inc. - Common Stock	Q		N	100		
CHSCP	CHS Inc - 8% Cumulative Redeemable Preferred Stock	Q		N	100		
CHTP	Chelsea Therapeutics International, Ltd. - Common Stock	S		N	100		
CHTR	Charter Communications, Inc. - Class A Common Stock	Q		N	100		
CHUY	Chuy's Holdings, Inc. - Common Stock	Q		N	100		
CHW	Calamos Global Dynamic Income Fund - Common Stock	Q		N	100		
CHXF	WisdomTree China Dividend Ex-Financials Fund	G		N	100		
CHY	Calamos Convertible and High Income Fund - Common Stock	Q		N	100		
CHYR	Chyron Corporation - Common Stock	G		D	100		
CIDM	Cinedigm Digital Cinema Corp - Class A Common Stock	G		N	100		
CIEN	Ciena Corporation - Common Stock	Q		N	100		
CIFC	CIFC Corp. - Common Stock	S		N	100		
CIMT	Cimatron, Limited - Ordinary Shares	S		N	100		
CINF	Cincinnati Financial Corporation - Common Stock	Q		N	100		
CISAA	CIS Acquisition Ltd. - Class A Shares	S		N	100		
CISAU	CIS Acquisition Ltd. - Unit	S		N	100		
CISAW	CIS Acquisition Ltd. - Warrant	S		N	100		
CISG	CNinsure Inc. - American depositary shares, each representing 20 ordinary shares	Q		N	100		
CITZ	CFS Bancorp, Inc. - Common Stock	G		N	100		
CIZN	Citizens Holding Company - Common Stock	G		N	100		
CJJD	China Jo-Jo Drugstores, Inc. - Common Stock	S		N	100		
CKEC	Carmike Cinemas, Inc. - Common Stock	Q		N	100		
CKSW	ClickSoftware Technologies Ltd. - Ordinary Shares	Q		N	100		
CLBH	Carolina Bank Holdings Inc. - Common Stock	G		N	100		
CLCT	Collectors Universe, Inc. - Common Stock	G		N	100		
CLDX	Celldex Therapeutics, Inc. - Common Stock	Q		N	100		
CLFD	Clearfield, Inc. - Common Stock	G		N	100		
CLIR	ClearSign Combustion Corporation - Common Stock	S		N	100		
CLMS	Calamos Asset Management, Inc. - Class A Common Stock	Q		N	100		
CLMT	Calumet Specialty Products Partners, L.P. - Common units representing limited partner interests	Q		N	100		
CLNE	Clean Energy Fuels Corp. - Common Stock	Q		N	100		
CLNT	Cleantech Solutions International, Inc. - Common Stock	S		N	100		
CLRO	ClearOne, Inc. - Common Stock	S		N	100		
CLRX	CollabRx, Inc. - Common Stock	S		N	100		
CLSN	Celsion Corporation - Common Stock	S		N	100		
CLUB	Town Sports International Holdings, Inc. - Common Stock	G		N	100		
CLVS	Clovis Oncology, Inc. - Common Stock	Q		N	100		
CLWR	Clearwire Corporation - Class A Common Stock	Q		N	100		
CLWT	Euro Tech Holdings Company Limited - Ordinary Shares	S		N	100		
CMCO	Columbus McKinnon Corporation - Common Stock	Q		N	100		
CMCSA	Comcast Corporation - Class A Common Stock	Q		N	100		
CMCSK	Comcast Corporation - Class A Special Common Stock	Q		N	100		
CME	CME Group Inc. - Class A Common Stock	Q		N	100		
CMGE	China Mobile Games and Entertainment Group Limited - American Depositary Shares	G		N	100		
CMLS	Cumulus Media Inc. - Common Stock	Q		N	100		
CMRX	Chimerix, Inc. - Common Stock	G		N	100		
CMSB	CMS Bancorp, Inc. - common stock	S		N	100		
CMTL	Comtech Telecommunications Corp. - Common Stock	Q		N	100		
CNBC	Center Bancorp, Inc. - Common Stock	Q		N	100		
CNBKA	Century Bancorp, Inc. - Class A Common Stock	Q		N	100		
CNDO	Coronado Biosciences, Inc. - Common Stock	S		N	100		
CNET	ChinaNet Online Holdings, Inc. - Common Stock	G		N	100		
CNIT	China Information Technology, Inc. - Ordinary Shares	Q		N	100		
CNMD	CONMED Corporation - Common Stock	Q		N	100		
CNOB	ConnectOne Bancorp, Inc. - Common Stock	G		N	100		
CNQR	Concur Technologies, Inc. - Common Stock	Q		N	100		
CNSI	Comverse Inc. - Common Stock	G		N	100		
CNSL	Consolidated Communications Holdings, Inc. - Common Stock	Q		N	100		
CNTF	China TechFaith Wireless Communication Technology Limited - American Depositary Shares, each representing 15 ordinary shares	Q		N	100		
CNTY	Century Casinos, Inc. - Common Stock	S		N	100		
CNYD	China Yida Holding, Co. - Common Stock	S		N	100		
COA	Coastal Contacts Inc - Ordinary Shares	S		N	100		
COBK	Colonial Financial Services, Inc. - Common Stock	G		N	100		
COBR	Cobra Electronics Corporation - Common Stock	G		N	100		
COBZ	CoBiz Financial Inc. - Common Stock	Q		N	100		
COCO	Corinthian Colleges, Inc. - Common Stock	Q		N	100		
COGO	Cogo Group, Inc. - Common Stock	Q		N	100		
COHR	Coherent, Inc. - Common Stock	Q		N	100		
COHU	Cohu, Inc. - Common Stock	Q		N	100		
COKE	Coca-Cola Bottling Co. Consolidated - Common Stock	Q		N	100		
COLB	Columbia Banking System, Inc. - Common Stock	Q		N	100		
COLM	Columbia Sportswear Company - Common Stock	Q		N	100		
CONE	CyrusOne Inc - Common Stock	Q		N	100		
CONN	Conn's, Inc. - Common Stock	Q		N	100		
COOL	Majesco Entertainment Company - Common Stock	S		D	100		
CORE	Core-Mark Holding Company, Inc. - Common Stock	Q		N	100		
CORT	Corcept Therapeutics Incorporated - Common Stock	S		N	100		
COSI	Cosi, Inc. - Common Stock	G		D	100		
COST	Costco Wholesale Corporation - Common Stock	Q		N	100		
COWN	Cowen Group, Inc. - Class A Common Stock	Q		N	100		
CPAH	CounterPath Corporation - Common Stock	S		N	100		
CPBC	Community Partners Bancorp - Common Stock	S		N	100		
CPGI	China Shengda Packaging Group, Inc. - Common Stock	G		N	100		
CPHC	Canterbury Park Holding Corporation - Common Stock	G		N	100		
CPHD	CEPHEID - Common Stock	Q		N	100		
CPIX	Cumberland Pharmaceuticals Inc. - Common Stock	Q		N	100		
CPLA	Capella Education Company - Common Stock	Q		N	100		
CPLP	Capital Product Partners L.P. - common units representing limited partner interests	Q		N	100		
CPNO	Copano Energy, L.L.C. - Common Units representing limited liability company interests	Q		N	100		
CPRT	Copart, Inc. - Common Stock	Q		N	100		
CPRX	Catalyst Pharmaceutical Partners, Inc. - Common Stock	S		D	100		
CPSI	Computer Programs and Systems, Inc. - Common Stock	Q		N	100		
CPSL	China Precision Steel, Inc. - Common Stock	S		D	100		
CPSS	Consumer Portfolio Services, Inc. - Common Stock	G		N	100		
CPST	Capstone Turbine Corporation - Common Stock	G		D	100		
CPTS	Conceptus, Inc. - Common Stock	Q		N	100		
CPWR	Compuware Corporation - Common Stock	Q		N	100		
CRAI	CRA International,Inc. - Common Stock	Q		N	100		
C	Citigroup, Inc. Common Stock	N	C	N	100	C	
C$C	Citigroup Inc. Depositary Shares representing 1/1000 Series C Noncumulative Preferred Stock (United States)	N	CpC	N	100	C-C	
C$E	Citigroup Inc. Citigroup Capital XVII 6.35% Enhanced Trust Preferred Securities (Enhanced TRuPS)	N	CpE	N	100	C-E	
C$I	Citigroup Inc. Dep Sh Repstg 1/1000th Pfd Conv Ser T	N	CpI	N	100	C-I	
C$M	Citigroup Inc. Dep Sh Repstg 1/1000th Int Non Cumulative Pfd Ser F	N	CpM	N	100	C-M	
C$N	Citigroup Capital VIII 7.875% Fixed rate Floating Rate trust Preferred Securities (TruPS)	N	CpN	N	100	C-N	
C$P	Citigroup Inc. Dep Shs Repstg 1/1000th Pfd Ser AA	N	CpP	N	100	C-P	
C$Q	Citigroup, Inc. Citigroup Capital VI 6 7/8% Capital Securities (TruPS) Preferred Stock	N	CpQ	N	100	C-Q	
C$R	Citigroup, Inc. Citigroup Capital X Cap Secs-TRUPS	N	CpR	N	100	C-R	
C$S	Citigroup, Inc. 6% Trust Pfd Secs	N	CpS	N	100	C-S	
C$W	Citigroup Inc. 6.45% Enhanced Trust Preferred Securities (TRUPS)	N	CpW	N	100	C-W	
C.A	Citigroup Inc. Warrants Class A expiring January 4, 2019	N	C/WS/A	N	100	C+A	
C.B	Citigroup Inc. Class B Warant expiring October 28, 2018	N	C/WS/B	N	100	C+B	
CAB	Cabela's Inc Class A Common Stock	N	CAB	N	100	CAB	
CACI	CACI International, Inc. Class A Common Stock	N	CACI	N	100	CACI	
CAD	PIMCO Canada Bond Index Exchange-Traded Fund ETF	P	CAD	Y	100	CAD	
CAE	CAE Inc. Ordinary Shares	N	CAE	N	100	CAE	
CAF	Morgan Stanley China A Share Fund Inc. Common Stock	N	CAF	N	100	CAF	
CAFE	iPath Pure Beta Coffee ETN	P	CAFE	N	100	CAFE	
CAG	ConAgra Foods, Inc. Common Stock	N	CAG	N	100	CAG	
CAH	Cardinal Health, Inc. Common Stock	N	CAH	N	100	CAH	
CAJ	Canon, Inc. American Depositary Shares	N	CAJ	N	100	CAJ	
CAK	CAMAC Energy Inc.	A	CAK	N	100	CAK	
CALX	Calix, Inc Common Stock	N	CALX	N	100	CALX	
CAM	Cameron International Corporation Common Stock	N	CAM	N	100	CAM	
CANE	Teucrium Sugar Fund ETV	P	CANE	Y	100	CANE	
CAP	Cai International, Inc. Common Stock	N	CAP	N	100	CAP	
CAPE	Barclays ETN Schiller CAPE	P	CAPE	N	100	CAPE	
CAS	Castle (A.M.) & Co. Common Stock	N	CAS	N	100	CAS	
CAT	Caterpillar, Inc. Common Stock	N	CAT	N	100	CAT	
CATO	Cato Corporation (The) Class A Common Stock	N	CATO	N	100	CATO	
CAW	CCA Industries, Inc. Common Stock	A	CAW	N	100	CAW	
CB	Chubb Corporation (The) Common Stock	N	CB	N	100	CB	
CBB	Cincinnati Bell Inc. Common Stock	N	CBB	N	100	CBB	
CBB$B	Cincinnati Bell Inc. Preferred Stock	N	CBBpB	N	100	CBB-B	
CBD	Companhia Brasileira de Distribuicao ADS	N	CBD	N	100	CBD	
CBG	CBRE Group Inc Common Stock Class A	N	CBG	N	100	CBG	
CBI	Chicago Bridge & Iron Company N.V. Common Stock	N	CBI	N	100	CBI	
CBK	Christopher & Banks Corporation Common Stock	N	CBK	N	100	CBK	
CBL	CBL & Associates Properties, Inc. Common Stock	N	CBL	N	100	CBL	
CBL$D	CBL & Associates Properties, Inc. Dep Shares Repstg 1/10th Preferred Series D	N	CBLpD	N	100	CBL-D	
CBL$E	CBL & Associates Properties, Inc. Depositary Shs Repstg 1/10 6.625% Ser E Cum Redeemable (Pfd Stk)	N	CBLpE	N	100	CBL-E	
CBM	Cambrex Corporation Common Stock	N	CBM	N	100	CBM	
CBND	SPDR Barclays Issuer Scored Corporate Bond ETF	P	CBND	Y	100	CBND	
CBO	CBO (Listing Market - NYSE - Networks A/E) Common Stock	N	CBO	N	100	CBO	Y
CBP	China Botanic Pharmaceutical Inc. Common Stock	A	CBP	N	100	CBP	
CBR	Ciber, Inc. Common Stock	N	CBR	N	100	CBR	
CBS	CBS Corporation Class B Common Stock	N	CBS	N	100	CBS	
CBS.A	CBS Corporation CBS Corporation Class A Common Stock	N	CBS/A	N	100	CBS.A	
CBT	Cabot Corporation Common Stock	N	CBT	N	100	CBT	
CBU	Community Bank System, Inc. Common Stock	N	CBU	N	100	CBU	
CBX	CBX (Listing Market NYSE Networks AE) Common Stock	N	CBX	N	100	CBX	Y
CBZ	CBIZ, Inc. Common Stock	N	CBZ	N	100	CBZ	
CCA	MFS California Municipal Fund Common Shares of Beneficial Interest	A	CCA	N	100	CCA	
CCC	Calgon Carbon Corporation Common Stock	N	CCC	N	100	CCC	
CCE	Coca-Cola Enterprises, Inc. Common Stock	N	CCE	N	100	CCE	
CCF	Chase Corporation Common Stock	A	CCF	N	100	CCF	
CCG	Campus Crest Communities, Inc. Common Stock	N	CCG	N	100	CCG	
CCG$A	Campus Crest Communities, Inc. 8.00% Series A Cumulative Redeemable Preferred Stock	N	CCGpA	N	100	CCG-A	
CCH.V	COCA COLA HELLENIC BOTTLING CO American Depositary Shares (each representing one Ordinary Share)	N	CCHw	N	100	CCH#	
CCI	Crown Castle International Corporation Common Stock	N	CCI	N	100	CCI	
CCJ	Cameco Corporation Common Stock	N	CCJ	N	100	CCJ	
CCK	Crown Holdings, Inc.	N	CCK	N	100	CCK	
CCL	Carnival Corporation Common Stock	N	CCL	N	100	CCL	
CCM	Concord Medical Services Holdings Limited ADS (Each represents three ordinary shares)	N	CCM	N	100	CCM	
CCO	Clear Channel Outdoor Holdings, Inc. Clear Channel Outdoor Holdings, Inc. Class A Common Stock	N	CCO	N	100	CCO	
CCSC	Country Style Cooking Restaurant Chain Co., Ltd American Depositary Shares, each representing four ordinary shares	N	CCSC	N	100	CCSC	
CCU	Compania Cervecerias Unidas, S.A. Common Stock	N	CCU	N	100	CCU	
CCV	Comcast Corporation 5.00% Notes due 2061	N	CCV	N	100	CCV	
CCX	WisdomTree Commodity Currency Fund	P	CCX	Y	100	CCX	
CCXE	WisdomTree Commodity Country Equity Index	P	CCXE	Y	100	CCXE	
CCZ	Comcast Holdings ZONES	N	CCZ	N	100	CCZ	
CDE	Coeur d'Alene Mines Corporation New Common Stock	N	CDE	N	100	CDE	
CDE.W	Coeur d'Alene Mines Corporation Warrant expiring April 16, 2017	N	CDE/WS	N	100	CDE+	
CDI	CDI Corporation Common Stock	N	CDI	N	100	CDI	
CDR	Cedar Realty Trust, Inc. Common Stock	N	CDR	N	100	CDR	
CDR$B	Cedar Realty Trust, Inc. 7.25% Series B Cumulative Redeemable Preferred Stock	N	CDRpB	N	100	CDR-B	
CDY	Cardero Resource Corporation Ordinary Shares	A	CDY	N	100	CDY	
CE	Celanese Corporation Celanese Corporation Series A Common Stock	N	CE	N	100	CE	
CEA	China Eastern Airlines Corporation Ltd. Common Stock	N	CEA	N	100	CEA	
CEB	Corporate Executive Board Company (The) Common Stock	N	CEB	N	100	CEB	
CEC	CEC Entertainment, Inc. Common Stock	N	CEC	N	100	CEC	
CEE	Central Europe and Russia Fund, Inc. (The) Common Stock	N	CEE	N	100	CEE	
CEF	Central Fund of Canada Limited Common Stock	A	CEF	N	100	CEF	
CEG$A	Constellation Energy Group, Inc. Jr Sub Deb Ser A	N	CEGpA	N	100	CEG-A	
CEL	Cellcom Israel, Ltd. Ordinary Shares	N	CEL	N	100	CEL	
CEM	ClearBridge Energy MLP Fund Inc. Common Stock	N	CEM	N	100	CEM	
CEMB	iShares Emerging Markets Corporate Bond Fund	Z	CEMB	Y	100	CEMB	
CEO	CNOOC Limited Common Stock	N	CEO	N	100	CEO	
CEP	Constellation Energy Partners, LLC Common Stock	A	CEP	N	100	CEP	
CET	Central Securities Corporation Common Stock	A	CET	N	100	CET	
CEV	Eaton Vance California Municipal Income Trust Shares of Beneficial Interest	A	CEV	N	100	CEV	
CEW	WisdomTree Emerging Currency Fund	P	CEW	Y	100	CEW	
CF	CF Industries Holdings, Inc. Common Stock	N	CF	N	100	CF	
CFC$A	Countrywide Capital IV (New) 6.75% Trust Pfd Securities	N	CFCpA	N	100	CFC-A	
CFC$B	Countrywide Capital V (New) 7.00% Capital Securities	N	CFCpB	N	100	CFC-B	
CFD	Nuveen Diversified Commodity Fund Common Units of Beneficial Interest	A	CFD	N	100	CFD	
CFI	Culp, Inc. Common Stock	N	CFI	N	100	CFI	
CFN	CareFusion Corporation Common Stock	N	CFN	N	100	CFN	
CFP	Cornerstone Progressive Return Fund Common Shares of beneficial interest	A	CFP	N	100	CFP	
CFR	Cullen/Frost Bankers, Inc. Common Stock	N	CFR	N	100	CFR	
CFR$A	Cullen/Frost Bankers, Inc. Perpetual Preferred Series A	N	CFRpA	N	100	CFR-A	
CFT	iShares Lehman Credit Bond Fund	P	CFT	Y	100	CFT	
CFX	Colfax Corporation Common Stock	N	CFX	N	100	CFX	
CGA	China Green Agriculture, Inc. Common Stock	N	CGA	N	100	CGA	
CGG	CGG Veritas	N	CGG	N	100	CGG	
CGI	Celadon Group, Inc. Common Stock	N	CGI	N	100	CGI	
CGR	Claude Resources, Inc. Ordinary Shares (Canada)	A	CGR	N	100	CGR	
CGW	Guggenheim S&P Global Water	P	CGW	Y	100	CGW	
CGX	Consolidated Graphics, Inc. Common Stock	N	CGX	N	100	CGX	
CH	Aberdeen Chile Fund, Inc. (The) Common Stock	A	CH	N	100	CH	
CHA	China Telecom Corp Ltd ADS	N	CHA	N	100	CHA	
CHC	China Hydroelectric Corporation American Depositary Share (Each representing three Ordinary Shares)	N	CHC	N	100	CHC	
CHC.W	China Hydroelectric Corporation Warrants	N	CHC/WS	N	100	CHC+	
CHD	Church & Dwight Company, Inc. Common Stock	N	CHD	N	100	CHD	
CHE	Chemed Corp	N	CHE	N	100	CHE	
CHEP	QuantShares U.S. Market Neutral Value Fund ETF	P	CHEP	Y	100	CHEP	
CHG	CH Energy Group, Inc. Common Stock	N	CHG	N	100	CHG	
CHGS	China GengSheng Minerals, Inc. Common Stock	A	CHGS	N	100	CHGS	
CHH	Choice Hotels International, Inc. Common Stock	N	CHH	N	100	CHH	
CHIE	Global X China Energy ETF	P	CHIE	Y	100	CHIE	
CHII	Global X China Industrials ETF	P	CHII	Y	100	CHII	
CHIM	Global X China Materials ETF	P	CHIM	Y	100	CHIM	
CHIQ	Global X China Consumer ETF	P	CHIQ	Y	100	CHIQ	
CHIX	Global X China Financials ETF	P	CHIX	Y	100	CHIX	
CHK	Chesapeake Energy Corporation Common Stock	N	CHK	N	100	CHK	
CHK$D	Chesapeake Energy Corporation Convertible Preferred	N	CHKpD	N	100	CHK-D	
CHKR	Chesapeake Granite Wash Trust Common Units representing beneficial interests in the Trust	N	CHKR	N	100	CHKR	
CHL	China Mobile Limited Common Stock	N	CHL	N	100	CHL	
CHLC	Market Vectors Renminbi Bond ETF	P	CHLC	Y	100	CHLC	
CHMT	Chemtura Corp. Common Stock	N	CHMT	N	100	CHMT	
CHN	China Fund, Inc. (The) Common Stock	N	CHN	N	100	CHN	
CHOC	iPath Pure Beta Cocoa ETN	P	CHOC	N	100	CHOC	
CHS	Chico's FAS, Inc. Common Stock	N	CHS	N	100	CHS	
CHSP	Chesapeake Lodging Trust Common Shares of Beneficial Interest	N	CHSP	N	100	CHSP	
CHSP$A	Chesapeake Lodging Trust 7.75% Series A Cumulative Redeemable Preferred Shares	N	CHSPpA	N	100	CHSP-A	
CHT	Chunghwa Telecom Co., Ltd.	N	CHT	N	100	CHT	
CHU	China Unicom (Hong Kong) Ltd Common Stock	N	CHU	N	100	CHU	
CHXX	EGShares China Infrastructure ETF	P	CHXX	Y	100	CHXX	
CI	Cigna Corporation Common Stock	N	CI	N	100	CI	
CIA	Citizens, Inc. Class A Common Stock ($1.00 Par)	N	CIA	N	100	CIA	
CIB	BanColombia S.A. Common Stock	N	CIB	N	100	CIB	
CIE	Cobalt International Energy, Inc. COBALT INTERNATIONAL ENERGY, INC.	N	CIE	N	100	CIE	
CIF	MFS Intermediate High Income Fund Common Stock	N	CIF	N	100	CIF	
CIG	Comp En De Mn Cemig ADS American Depositary Shares	N	CIG	N	100	CIG	
CIG.C	Comp En De Mn Cemig ADS American Depositary Receipts	N	CIG/C	N	100	CIG.C	
CII	Blackrock Capital and Income Fund, Inc.	N	CII	N	100	CII	
CIK	Credit Suisse Asset Management Income Fund, Inc. Common Stock	A	CIK	N	100	CIK	
CIM	Chimera Investment Corporation Common Stock	N	CIM	N	100	CIM	
CIR	CIRCOR International, Inc. Common Stock	N	CIR	N	100	CIR	
CIS	Camelot Information Systems American Depositary Shares	N	CIS	N	100	CIS	
CIT	CIT Group Inc (DEL) Common Stock	N	CIT	N	100	CIT	
CIU	iShares Lehman Intermediate Credit Bond Fund	P	CIU	Y	100	CIU	
CIX	CompX International Inc. Common Stock	A	CIX	N	100	CIX	
CJES	C&J Energy Services, Inc. Common Stock	N	CJES	N	100	CJES	
CKH	SEACOR Holdings Inc. Common Stock	N	CKH	N	100	CKH	
CKP	Checkpoint Systms, Inc. Common Stock	N	CKP	N	100	CKP	
CKX	CKX Lands, Inc. Common Stock	A	CKX	N	100	CKX	
CL	Colgate-Palmolive Company Common Stock	N	CL	N	100	CL	
CLB	Core Laboratories N.V. Common Stock	N	CLB	N	100	CLB	
CLC	CLARCOR Inc. Common Stock	N	CLC	N	100	CLC	
CLD	Cloud Peak Energy Inc Common Stock	N	CLD	N	100	CLD	
CLDT	Chatham Lodging Trust (REIT) Common Shares of Beneficial Interest	N	CLDT	N	100	CLDT	
CLF	Cliffs Natural Resources Inc Common Stock	N	CLF	N	100	CLF	
CLGX	CoreLogic, Inc. Common Stock	N	CLGX	N	100	CLGX	
CLH	Clean Harbors, Inc. Common Stock	N	CLH	N	100	CLH	
CLI	Mack-Cali Realty Corporation Common Stock	N	CLI	N	100	CLI	
CLM	Cornerstone Strategic Value Fund, Inc. New Common Stock	A	CLM	N	100	CLM	
CLNY	Colony Financial, Inc Common Stock	N	CLNY	N	100	CLNY	
CLNY$A	Colony Finl Inc Cum Red Perp Pfd Ser A %	N	CLNYpA	N	100	CLNY-A	
CLP	Colonial Properties Trust Common Stock	N	CLP	N	100	CLP	
CLR	Continental Resources, Inc. Common Stock	N	CLR	N	100	CLR	
CLS	Celestica, Inc. Common Stock	N	CLS	N	100	CLS	
CLV	Cliffs Natural Resources Inc. Depositary Shares Representing 1/40th Preferred Convertible Series A	N	CLV	N	100	CLV	
CLW	Clearwater Paper Corporation Common Stock	N	CLW	N	100	CLW	
CLX	Clorox Company (The) Common Stock	N	CLX	N	100	CLX	
CLY	iShares 10+ Year Credit Bond Fund	P	CLY	Y	100	CLY	
CM	Canadian Imperial Bank of Commerce Common Stock	N	CM	N	100	CM	
CMA	Comerica Incorporated Common Stock	N	CMA	N	100	CMA	
CMA.W	Comerica Incorporated Warrant expiring November 14, 2018	N	CMA/WS	N	100	CMA+	
CMBS	iShares Barclays CMBS Bond Fund	P	CMBS	Y	100	CMBS	
CMC	Commercial Metals Company Common Stock	N	CMC	N	100	CMC	
CMD	ProShares UltraShort DJ-AIG Commodity	P	CMD	Y	100	CMD	
CMF	iShares S&P Cali Muni Bond	P	CMF	Y	100	CMF	
CMFO	China Marine Food Group Limited Common Stock	A	CMFO	N	100	CMFO	
CMG	Chipotle Mexican Grill, Inc. Common Stock	N	CMG	N	100	CMG	
CMI	Cummins Inc. Common Stock	N	CMI	N	100	CMI	
CMK	MFS Intermarket Income Trust I Common Stock	N	CMK	N	100	CMK	
CMLP	Crestwood Midstream Partners, LP Common Units	N	CMLP	N	100	CMLP	
CMN	Cantel Medical Corp. Common Stock	N	CMN	N	100	CMN	
CMO	Capstead Mortgage Corporation Common Stock	N	CMO	N	100	CMO	
CMO$A	Capstead Mortgage Corporation Preferred Stock	N	CMOpA	N	100	CMO-A	
CMO$B	Capstead Mortgage Corporation Preferred Stock	N	CMOpB	N	100	CMO-B	
CMP	Compass Minerals Intl Inc Common Stock	N	CMP	N	100	CMP	
CMRE	Costamare Inc. Common Stock $0.0001 par value	N	CMRE	N	100	CMRE	
CMS	CMS Energy Corporation Common Stock	N	CMS	N	100	CMS	
CMS$A	CMS Energy Corporation Preferred Stock	N	CMSpA	N	10	CMS-A	
CMS$B	CMS Energy Corporation Preferred Stock	N	CMSpB	N	10	CMS-B	
CMT	Core Molding Technologies Inc Common Stock	A	CMT	N	100	CMT	
CMU	MFS Municipal Income Trust Common Stock	N	CMU	N	100	CMU	
